smiles,tanimoto_coefficient,id
S(c1ncnc2n(CC(=O)[C@@H]3[C@@]4(CC[C@@H]5[C@@H]([C@@H]4CC3)CCC=6[C@]5(CCC(=O)C6)C)C)cnc21)C,0.19148936170212766,4253546
O1[C@@H](O[C@H]2[C@@H](C=CC=CC(=O)NC[C@@H](CCC=CC=C(CC(=CC2)C)C)C)C)C[C@@H]([C@@H](NC)[C@@H]1C)O,0.2,4254403
Fc1cc2c([nH]c(c2)C(=O)O)cc1,0.23529411764705882,11110665
S(c1n(cnc1N(=O)=O)C)c2ncnc3nc[nH]c23,0.2361111111111111,11110740
n1c(nc(nc1N(C)C)N(C)C)N(C)C,0.16279069767441862,11110789
O=C1[C@]2([C@@H]([C@H]3[C@@H]([C@]4(C(CC3)=CC(=O)CC4)C)CC2)CC1)C,0.2028985507246377,11110799
O1[C@@]2([C@]3([C@@H]([C@@H]4CCC=5[C@]([C@H]4[C@@H](C3)O)(C=CC(=O)C5)C)C[C@H]2O[C@H]1CCC)C)C(=O)CO,0.15730337078651685,11110860
O1C(=O)c2c([C@@H]1[C@@H]3N(CCc4c3cc5OCOc5c4)C)ccc6OCOc26,0.23880597014925373,11110865
P(=O)(O)(O)CCCN1C[C@@H](NCC1)C(=O)O,0.21739130434782608,11110876
Clc1ccc([C@@H]2S(=O)(=O)CCC(=O)N2C)cc1,0.2463768115942029,11110888
O(c1cc2c(NC(=O)CC2)cc1)CCCCc3n(nnn3)C4CCCCC4,0.1978021978021978,11110906
Oc1c(C(C)(C)C)cc(cc1C(C)(C)C)CC(CO)(C)C,0.20408163265306123,11110910
O[C@H]1[C@H]2[C@H]([C@@H]3[C@]([C@@H](CC3)C(=O)CO)(C1)C)CCC=4[C@]2(CCC(=O)C4)C,0.18085106382978725,11110926
O[C@]1([C@]2([C@@H]([C@H]3[C@@H]([C@]4(C(CC3)=CC(=O)CC4)C)C(=O)C2)CC1)C)C(=O)COC(=O)C,0.18666666666666668,11110933
S(Cc1nc[nH]c1C)CCN/C(=N\C#N)/NC,0.234375,11110948
O1[C@]2(O[C@H]([C@@H](CC2)C)Cc3oc4c(n3)c(c(NC)cc4)C(=O)O)[C@@H](C[C@@H]([C@@H]1[C@H](C(=O)c5[nH]ccc5)C)C)C,0.20481927710843373,11110980
O(C[C@](COC(=O)N)(CCC)C)C(=O)NC(C)C,0.22641509433962265,11110998
Clc1c(S(=O)(=O)N)cc2S(=O)(=O)N[C@@H](Nc2c1)[C@H]3[C@@H]4C[C@H](C3)C=C4,0.13513513513513514,11111009
Clc1cc2S(=O)(=O)NC(=Nc2cc1)C,0.24489795918367346,11111110
O1[C@]2(N(C(=O)[C@@]1(NC(=O)[C@@H]3C=C4c5c6c(C[C@@H]4N(C3)C)c[nH]c6ccc5)C(C)C)[C@H](C(=O)N7CCC[C@H]27)Cc8ccccc8)O,0.22857142857142856,11111132
O[C@H]1[C@]2([C@@H]([C@H]3[C@@H](c4c(CC3)cc(O)cc4)CC2)CC1)C,0.17647058823529413,11111161
O=C1[C@@]2([C@H]([C@@H]3[C@H](c4c(CC3)cc(O)cc4)CC2)CC1)C,0.19402985074626866,11111162
O=C(O)CC1(CCCCC1)CN,0.2222222222222222,11111218
O[C@]1([C@]2([C@@H]([C@H]3[C@@H]([C@]4(C(CC3)=CC(=O)CC4)C)[C@@H](C2)O)CC1)C)C(=O)CO,0.16666666666666666,11111268
Clc1c(S(=O)(=O)N)cc2S(=O)(=O)NCNc2c1,0.15789473684210525,11111269
O=C(Nc1ccc(O)cc1)/C=C(/C=C\C=C(\C=C/C=2C(CCCC2C)(C)C)/C)\C,0.22077922077922077,11111279
Brc1c(NC(=O)/C(=C(/O)\C)/C#N)cc(Br)cc1,0.23809523809523808,11111392
O[C@H]1[C@@H](N(C[C@H]([C@H]1O)O)C)CO,0.1702127659574468,11111433
O(C(=O)[C@H](CC)C)[C@H]1[C@@H]2[C@@H]([C@H](C=CC2=CCC1)C)CC[C@@H]3OC(=O)C[C@@H](C3)O,0.20238095238095238,11111439
O=n1c(nc(N2CCCCC2)cc1N)N,0.2127659574468085,11111457
Clc1c(N(CC2CC2)CCC)nc(nc1Nc3c(Cl)cc(Cl)cc3Cl)C,0.18666666666666668,11111536
FC(F)(F)c1c(N(=O)=O)ccc(N2C(=O)C(NC2=O)(C)C)c1,0.23214285714285715,11111555
O=C([C@H]1[C@]2([C@@H]([C@H]3[C@@H]([C@]4(C(CC3)=CC(=O)CC4)C)CC2)CC1)C)C,0.18181818181818182,11111592
O=C1[C@H]2[C@@]3([C@@H](CC[C@@H]2[C@@H]4[C@]([C@@H](CC4)C(=O)C)(C1)C)C[C@@H](O)CC3)C,0.18571428571428572,11111636
O[C@]1([C@]2([C@@H]([C@H]3[C@@H]([C@]4(C(CC3)=CC(=O)CC4)C)CC2)CC1)C)C(=O)CO,0.19444444444444445,11111729
O=C(O)/C=C(/C=C\C=C(\C=C/C=1C(CCCC1C)(C)C)/C)\C,0.2222222222222222,11111735
O=C1NN=C(c2ccc(/N=C(/NC#N)\NC)cc2)[C@H](C1)C,0.18309859154929578,11111797
F[C@]12[C@@H]([C@@H]3[C@]([C@](O)([C@H](O)C3)C(=O)CO)(C[C@@H]1O)C)CCC=4[C@@]2(C=CC(=O)C4)C,0.17045454545454544,11111903
O(c1c(OC)cc(cc1OC)Cc2c(nc(nc2)N)N)C,0.2459016393442623,11111923
o1c2c3[C@](C4=C(C2=O)[C@@H]5[C@@](C[C@@H]4OC(=O)C)(C(=O)CC5)C)([C@@H](OC(=O)c3c1)COC)C,0.18478260869565216,11111966
O1C=2[C@](c3c1c(c(O)c(c3O)C)C(=O)C)(C(=O)[C@H](C(=O)C2)C(=O)C)C,0.18823529411764706,11113076
O=C(O)[C@@]1([C@H]2[C@](c3c(CC2)ccc(O)c3)(CCC1)C)C,0.2153846153846154,11113077
O1[C@H]2[C@@H]([C@]3([C@@H]([C@H]4[C@@H]([C@]5(C(=CC4)C[C@@H](CC5)O)C)CC3)C2)C)[C@@H]([C@@]16NC[C@H](CC6)C)C,0.16091954022988506,11113086
OC[C@@H]1[C@H]2N(CCC1)CCCC2,0.20833333333333334,11113088
Brc1c([C@H]2Nc3c(NC4=C2C(=O)CC(C4)(C)C)cccc3)c(OC)ccc1OC,0.22666666666666666,11113092
O1C(=O)[C@@H]([C@@H](Cc2n(cnc2)C)C1)CC,0.20967741935483872,11113130
O=C(O)[C@@]1([C@@H]2[C@]([C@H]3C(=CC2)C=C(CC3)C(C)C)(CCC1)C)C,0.18309859154929578,11113132
O1C(=O)[C@@H]([C@@H]2[C@@H]1C=3[C@@](CC2)(C=CC(=O)C3C)C)C,0.21428571428571427,11113135
O[C@@]1([C@H]([C@]2([C@@H](C(CCC2)(C)C)CC1)C)CC[C@](O)(C=C)C)C,0.1590909090909091,11113143
O[C@H]1[C@@]([C@H]2[C@@]([C@@H](C(CC2)=C)C/C=C\3/C(OC[C@H]3O)=O)(CC1)C)(CO)C,0.16666666666666666,11113149
O1CC=C2[C@@H]3[C@@H]4[C@@H]5[C@@]6(c7c(N5C(=O)C[C@H]41)cc(OC)c(OC)c7)[C@@H](N(CC6)C2)C3,0.20430107526881722,11113150
Clc1c2O[C@@]3(C(=O)c2c(OC)cc1OC)C(OC)=CC(=O)C[C@H]3C,0.2,11113154
O[C@]1(C(CC(=O)C=C1C)(C)C)/C=C\C(=C\C(=O)O)\C,0.23076923076923078,11113157
O1C(=O)[C@]2([C@H]3[C@@]1([C@@H]4[C@]5([C@H]3C(=O)O)C[C@@](O)(C(C5)=C)CC4)C=C[C@H]2O)C,0.18518518518518517,11113160
o1c2c3c4c(oc(=O)c3cc(O)c2O)c(O)c(O)cc4c1=O,0.18867924528301888,11113162
O[C@H]1[C@@H]2[C@H](C[C@@H](C2)O)C=CCCC[C@H](OC(=O)C=C1)C,0.18055555555555555,11113171
O1[C@@H]2[C@H]([C@@H]3N(C2)CC[C@H]31)NC,0.18333333333333332,11113185
O1C(=O)[C@H]([C@H]2[C@H]1[C@H]3C(C(=O)C=C3C)=C(CC2)C)C,0.17391304347826086,11113191
O1c2c(C(=O)[C@@H]3[C@@H]1COc4c3cc(OC)c(OC)c4)ccc5O[C@H](Cc25)C(CO)=C,0.23711340206185566,11113194
O[C@]12[C@@]([C@@H]3[C@H]([C@@H]4[C@]([C@@]5([C@@H](C4)CCCC5)C(=O)C)(CC3)C)CC1=O)(CC[C@H](C2)OC(=O)C)C,0.2236842105263158,11113200
O1[C@H]2[C@@H]3[C@H]([C@@H]4N([C@H]3C(=O)c5c(OC)cc(OC)cc5)c6c(C=C4)cccc6)C(=O)[C@@H]1OC2,0.2345679012345679,11113213
O(c1cc2[C@]3([C@H]([C@](CCC3)(CO)C)CCc2cc1)C)C,0.2413793103448276,11113215
O1CCC=C2[C@H]3[C@@H]4[C@@H]5[C@]6([C@H](N(CC6)C2)C3)c7c(N5C(=O)C[C@H]41)cccc7,0.1891891891891892,11113217
O=C(O)[C@]1([C@H]2[C@@]([C@@H]3C(CC2)=C[C@@](CC3)(C=C)C)(CCC1)C)C,0.2,11113223
O[C@]12[C@@]([C@H](CC1)C3=CC(OC3)=O)([C@H](O)C[C@@H]4[C@@H]2CC[C@@H]5[C@]4(CC[C@@H](C5)O)C)C,0.24675324675324675,11113227
O1[C@@]2([C@H]([C@@]3([C@@H](C(CCC3)(C)C)CC2)C)CC1=O)C,0.18867924528301888,11113234
O1C(=O)[C@H]([C@H]2[C@@H]1[C@H]3C(C(=O)C=C3C)=C(C[C@@H]2O)C)C,0.2,11113235
O[C@@]12[C@H]3[C@H]4[C@]5([C@@H]6C[C@@H]([C@@H]([C@H]16)O)[C@H](C2)OC)[C@H]([C@@](CN4CC)(CC[C@@H]5O)C)C3,0.16666666666666666,11113239
O(C(=O)C(CC)(C)C)[C@@H]1[C@@H]2[C@H]([C@H](C=CC2=C[C@@H](C1)C)C)CC[C@H]3OC(=O)C[C@@H](C3)O,0.1927710843373494,11113242
OC\C=C(\C=C/C=C(/C=C\C=1C(CCCC1C)(C)C)\C)/C,0.1625,11113261
O1CC=C2[C@H]3[C@H]4[C@H]5[C@@]6([C@H](N(CC6)C2)C3)c7c(N5C(=O)C[C@@H]41)cccc7,0.18072289156626506,11113272
O1c2c(C(=O)[C@@H]3[C@H]1COc4c3cc(OC)c(OC)c4)ccc5O[C@H](Cc25)C(=C)C,0.24468085106382978,11113277
O=C1[C@@H]([C@H](O)CC2CC(=O)NC(=O)C2)C[C@H](C[C@@H]1C)C,0.22727272727272727,11113282
O1[C@@]2(N(C(=O)[C@@]1(NC(=O)[C@H]3C=C4c5c6c(C[C@H]4N(C3)C)c[nH]c6ccc5)C(C)C)[C@H](C(=O)N7CCC[C@H]27)CC(C)C)O,0.19047619047619047,11113289
O1[C@@]2(N(C(=O)[C@]1(NC(=O)[C@H]3C=C4c5c6c(C[C@H]4N(C3)C)c[nH]c6ccc5)C(C)C)[C@H](C(=O)N7CCC[C@H]27)C(C)C)O,0.18548387096774194,11113292
O1[C@@]2(N(C(=O)[C@]1(NC(=O)[C@H]3C=C4c5c6c(C[C@H]4N(C3)C)c[nH]c6ccc5)C(C)C)[C@H](C(=O)N7CCC[C@H]27)Cc8ccccc8)O,0.22857142857142856,11113293
O1c2c3c(cc(OC)c2OC)CCN(C)[C@@H]3Cc4cc(Oc5ccc(C[C@H]6c7c(cc(OC)c1c7)CCN6C)cc5)c(O)cc4,0.22077922077922077,11113294
O1C=2[C@](c3c1c(c(O)c(c3O)C)C(=O)C)(C(O)=C(C(=O)C2)C(=O)C)C,0.18333333333333332,11113305
Brc1ccc(C2N3C(C(OC(C3)C)=O)CCC2C)cc1,0.2028985507246377,26752347
O1Cc2c3c(nc(c2CC1C)COc4ccccc4)CCN(C3)CCC(C)C,0.22972972972972974,26752360
O1Cc2c3c(nc(c2CC1C)COc4ccccc4)CCN(C3)CCOc5ccccc5,0.23943661971830985,26752363
o1c(-c2ccc(C3NC(CCC3C)C(=O)O)cc2)ccc1,0.24324324324324326,26752401
O=C(O)C1NC(c2ccc(cc2)C#CCN(C)C)C(CC1)C,0.21739130434782608,26752402
Brc1ccc([C@@H]2N3C(C(=O)N4C(C3=O)CCC(C4c5ccc(Br)cc5)C)CCC2C)cc1,0.19672131147540983,26752414
Brc1ccc(C2N3C(C(=O)N4C(C3=O)CCC4)CCC2C)cc1,0.20253164556962025,26752415
O=C1N2C(C(=O)N3C1CCC(C3c4ccc(cc4)C#CCOC)C)CCC(C2c5ccc(cc5)C#CCOC)C,0.20833333333333334,26752417
O=C1N2C(C(=O)N3C1CCC(C3c4ccc(cc4)-c5occc5)C)CCC(C2c6ccc(cc6)-c7occc7)C,0.21739130434782608,26752419
Brc1cc(C2N3C(C(=O)N4C(C3=O)CCC([C@@H]4c5cc(N6CCOCC6)ccc5)C)CCC2C)ccc1,0.23076923076923078,26752424
Brc1c(C2N3C(C(=O)N4C(C3=O)CCC(C4c5ccc(cc5)C#CCN(C)C)C)CCC2C)cccc1,0.2,26752425
Brc1ccc(C2N3C(C(OC(C3)COCC=C)=O)CCC2C)cc1,0.2,26752429
Brc1ccc(C2N3C(C(OC(C3)Cc4ccccc4)=O)CCC2C)cc1,0.234375,26752432
Brc1ccc(C2N3C(C(OC(C3)COc4ccc(C(C)(C)C)cc4)=O)CCC2C)cc1,0.24324324324324326,26752434
Brc1ccc(C2N3C(C(OC(C3)CO)=O)CCC2C)cc1,0.21428571428571427,26752453
Brc1ccc(C2N3C(C(OC(C3)COC=C)=O)CCC2C)cc1,0.20512820512820512,26752456
Brc1cc(COC(C(C(OC)C2CCCCC2)C)C(CO)C)ccc1,0.23076923076923078,26752463
O(C1c2c(/C(/C1C)=C/CCOCC#CC)cccc2)C,0.203125,26752464
O=C1[C@]2(C(C3C(c4c(CC3)cc(OC5C(OC(c6ccccc6)C=C5)CO)cc4)CC2)CC1)C,0.2087912087912088,26752493
O1C(C(Oc2ccc(C3CCCC3)cc2)C=CC1c4ccccc4)CO,0.2318840579710145,26752494
O(C(=O)C1(C(c2c(CC=C(C1)C=C)cccc2)CN(=O)=O)C(OC)=O)C,0.23376623376623376,26752503
O1C(O)C2[C@H](C(=C1)CC(OC)=O)CC=C2CO,0.19444444444444445,26752505
O1N=C(CC12C=CC(=O)C=C2)C(OC(C)(C)C)=O,0.1875,26752511
OC(C(=C)C)/C=C/CCCCCCC,0.2033898305084746,26752518
BrC=1C(=O)C2(ON=C(C2)C(OC)=O)C=C(Br)C1OC,0.21666666666666667,26752520
O=C(N)/C=C/C=C/CCCCCCCC(O)C,0.20967741935483872,26752530
O1C(=O)C2(N=C1C3=CCCCC3)CC2,0.2028985507246377,26752535
O1C2OC=C([C@H]3C2C(=CC3)C1)CC(OC)=O,0.19047619047619047,26752543
BrC=1C2(OCCCO2)C=CC(=O)C1,0.16666666666666666,26752555
O(C1C2C3C2C4C1C3C(O)(C=CC4)CC=C)C(C)(C)C,0.16393442622950818,26752556
O1C(C2N(c3c1ccc(OC)c3)C(=O)C(C2OCOC)C)/C=C/C,0.225,26752558
O1C(c2ccccc2)C(C=CCC1)C,0.21568627450980393,26752571
O1c2c(OC1)ccc(O)c2C,0.23636363636363636,26752589
S1(OC2CC3(C4C5C4C(OCc6ccccc6)C3C5CC2O1)C)=O,0.24615384615384617,26752635
O1C(c2c(C3[C@]14C3(CCOC4)C)cccc2)C(C(OC)=O)C(OC)=O,0.2463768115942029,26752637
O1C(C(C=CCC1)C)CC(C)C,0.19230769230769232,26752641
O1C(c2c(cc(OC)c(OC)c2)C=C1CCCCCC)CC(=O)/C=C/OC,0.24615384615384617,26752645
Brc1c(C(OC)C(/C=C/CCO)C)cccc1,0.24,26752666
O(N(CC#Cc1ccccc1)CCC#N)Cc2ccccc2,0.24074074074074073,26752686
O(C1C(OCC1O)/C=C/c2cc(cc(c2)C)C)c3ccc(C4CCCC4)cc3,0.2,26752714
Fc1cc(c(OC2C(OC(C=C2)CC=C)CO)cc1)C,0.21052631578947367,26752731
s1c2ncnc(O)c2cc1CC,0.21212121212121213,843289
S(C=1N(C(=O)C(N1)(CCC#N)C)c2ccccc2)CCC#N,0.21621621621621623,845164
O1C2=C(C3(C(=C1N)C#N)CCC4(OCCO4)CC3)C(=O)CCC2,0.18309859154929578,850433
S1C(NC(=O)C2CN(C(=O)C2)c3ccc(cc3)CC)=NCC1,0.24,851940
n1(nc(cc1C)C)-c2nc(nc(n2)NC(C)C)NC(C)C,0.24528301886792453,852502
Oc1nc2c(cc1CN(Cc3n(nnn3)CC4OCCC4)Cc5c(OC)cccc5)cc(cc2C)C,0.23711340206185566,852560
n1(nnc2c1ncnc2N3Cc4c(CC3)cccc4)Cc5ccccc5,0.2465753424657534,853202
S(c1nc(Oc2nnc(O)cc2)nc(n1)N(C)C)C,0.21428571428571427,858640
O1c2c(N3c4c1cccc4CCC3C)cc(c(c2)C#N)C#N,0.21212121212121213,859900
Oc1c(CNn2cnnc2)cccc1,0.22727272727272727,860146
O/N=C(/c1cc2c([nH]cc2)cc1)\C,0.20408163265306123,860163
Brc1cc(c(O)cc1)CNn2cnnc2,0.2413793103448276,860350
S1n2nc(cc2NC1Nc3ccccc3)C,0.24561403508771928,860508
O1N(C(C2C1C(=O)N(C2=O)c3ccccc3)c4ccncc4)c5ccccc5,0.21739130434782608,861552
P(OCC(C)C)(=O)(C(O)c1c(F)cccc1)c2ccc(N(C)C)cc2,0.20967741935483872,861781
O(C(=O)/C(/C(NCCCO)=N)=C(/OCC)\O)CC,0.22033898305084745,863141
Brc1oc(-c2nc3c([nH]2)ccc(N4C(=O)c5c(C4=O)cccc5)c3)cc1,0.23880597014925373,864048
S(=O)(=O)(N)c1cc2nc(SCc3c(onc3C)C)n(c2cc1)CCCC,0.22666666666666666,3711343
S1(=O)(=O)CC2(N(C(SC2C1)=S)c3ncccc3)C,0.24096385542168675,3712054
S=P(c1n(ccn1)C=C)(c2n(ccn2)C=C)C3CCCCC3,0.16129032258064516,3713065
S1(=O)(=O)CC(N(C(=O)CSc2n3c(nn2)nc(cc3C)C)C)CC1,0.23684210526315788,3713645
S1(=O)(=O)N=C2N(C=Nc3sc4c(c23)CCCC4)CC1,0.22807017543859648,3713968
s1c(C(=O)N2CC(OC(C2)C)C)cc3c1CCC3,0.22580645161290322,3714248
o1nc(c(-c2ncnc(NC3CCNCC3)c2)c1C)C,0.21818181818181817,4237574
N1(CC2(C1)CCNCC2)c3ncccn3,0.20454545454545456,4238198
o1nc(c(-c2c(-n3cncc3)ncnc2)c1C)C,0.23809523809523808,4238745
o1nc(c(-c2ncnc(NC)c2)c1C)C,0.22857142857142856,4240114
o1nc(c(-c2ncnc(N3CCNCC3)c2)c1C)C,0.2222222222222222,4240190
o1nc(c(-c2nc(N3CCNCC3)ccn2)c1C)C,0.24074074074074073,4240451
O=C(NC1C(C(CCC1)C)C)c2nnc(O)c3c2cccc3,0.23076923076923078,4240492
O=C1C(=C(NCC=C)CC(C1)(C)C)C(=O)CCC(OC)=O,0.2,4240523
FC(F)(F)c1n2ncc(c2nc(c1)-c3occc3)C(=O)NC4CCCC4,0.24444444444444444,4240670
Fc1c(N)cc(-c2nn[nH]n2)cc1,0.21153846153846154,4240712
Clc1c(c(c(S(=O)(=O)NC2CCCCC2)nc1C)C#N)C,0.23333333333333334,4241218
Brc1cc(OCC(=O)N(C2CS(=O)(=O)CC2)C)ccc1,0.23880597014925373,4241342
S1(=O)(=O)CC(N(c2cc(cc(c2)C)C)C(=O)C3CCCC3)C=C1,0.19753086419753085,4241858
O=C(N(Cc1onc(n1)-c2ccc(cc2)C)C(C)C)C34CC5CC(C3)CC(C4)C5,0.2222222222222222,4242011
O1c2[nH]nc(c2C(C(=C1N)C#N)c3c(OCC)cccc3)CC,0.21176470588235294,4242258
S1C(N(C(=O)C1)c2ccccc2)c3ncccc3,0.2222222222222222,4242601
O(c1nc(nc(n1)C(NO)=N)N2CCCCC2)C,0.19672131147540983,4242635
O1C(C(OC1(C)C)C(=O)N)C(=O)N,0.21052631578947367,4243684
o1nc2nc(N3CCCC3)c(nc2n1)N4CCCC4,0.16666666666666666,4244360
O=C1N(CC(=O)N(C1c2cc(OC)c(OCCC)cc2)C3CC3)C4CCCCC4,0.21875,4244422
O(c1c(C\2n3nnnc3N=C(/C2=C(\OCCCC)/O)C)ccc(OC)c1OC)C,0.24358974358974358,4245025
S1(=O)(=O)N=C(Nc2c1cccc2)CCCC(=O)N,0.22448979591836735,4245064
Fc1cc2n(=O)c3c(n(=O)c2cc1F)CCCC3,0.12962962962962962,4245358
o1nc(-n2nnc(c2)C(O)(C)C)c(n1)N,0.16,4245524
o1nc(-n2nnc(c2COC)C(=O)N)c(n1)N,0.2,4245670
s1c2c(nc1Nc3sc4c(n3)CCCC4)ccc(F)c2,0.24285714285714285,4246294
s1nc(SC)c(c1SC)C(=O)NCCNC(=O)CC,0.23728813559322035,4246755
O1C(C(N=C1c2ncccc2)CO)c3ccccc3,0.23076923076923078,4246968
FC(F)(F)COc1nc(OCC(F)(F)F)nc(n1)NC(CC)C,0.2,4247110
n1(nnc2c1cccc2)CCC#N,0.24324324324324326,4247644
S1CCC2(N3CC4(C(=O)C(C3)(CN2C4)C)C)CC1,0.1891891891891892,4247846
O(C1c2n(=O)c(c(n(=O)c2C(OC(=O)C)CC1)C)C)C(=O)C,0.19672131147540983,4248302
O=C1C=2C(c3ccc(OC(C)C)cc3)CC(=O)NC2CCC1,0.24074074074074073,4248555
Brc1c(n(S(=O)(=O)c2c(c(c(cc2)C)C)C)nc1C)C,0.22580645161290322,4248610
Sc1n(c(nn1)CC(C)C)CC,0.24,4248923
o1nc(nc1CCC(=O)NC2CCN(C(OCC)=O)CC2)C3=CCN(CC3)C,0.2413793103448276,4249227
Brc1ccc(/C(=C/2\SC(=NC2=O)N3CCCC3)/C)cc1,0.22388059701492538,4249477
Oc1cc(-c2c3c(nc(N)c2C#N)CCCCCC3)ccc1,0.2459016393442623,4249916
O(c1c(C2C3=C(NC(=O)C2)CCCC3=O)cccc1)CCCC,0.2318840579710145,4250129
S1(=O)(=O)Cc2c(n(nc2C1)-c3ccc(F)cc3)NC(=O)C45CC6CC(C4)CC(C5)C6,0.22666666666666666,4250910
O=C1N(CC(=O)N(C1c2cc(OC)c(OCC)cc2)CCCOCC)C3CCCCC3,0.2222222222222222,4250919
S(c1nc(-c2cc(F)c(F)cc2)cnn1)C,0.22641509433962265,4251016
FC(F)(F)C1(O)NC(=O)NC(C1C(=O)C)c2cc(F)ccc2,0.23809523809523808,4251217
O1C2(NC(C1)(CO)CO)CCC(CC2)C(C)(C)C,0.18,4251856
Clc1c2n(nc1C(=O)N(Cc3c(nn(c3)C)C)C)C(C(F)(F)F)CC(N2)c4ccc(OC)cc4,0.21904761904761905,4252050
O=C1N(C(=O)C2C1C3CC2C=C3)c4n[nH]cn4,0.20588235294117646,4252075
O=C1[C@H]2[C@H]([C@@]3([C@]([C@H](CC3)[C@@H](CCC(=O)O)C)(C1)C)C)C(=O)C[C@@H]4[C@@]2(CC[C@@H](C4(C)C)O)C,0.2,4252457
O1C(=O)[C@H]([C@@H]([C@@H]1[C@H](O)[C@H](O)[C@H](O)CO)O)O,0.16326530612244897,4252458
O[C@@H]([C@H](O)C(=O)CO)[C@H](O)C(=O)O,0.22580645161290322,4252459
O[C@H]([C@H](O)C(=O)O)[C@H](O)[C@H](O)CO,0.22580645161290322,4252462
O(C(=O)CCC1CCCC1)[C@@H]2[C@@]3([C@@H]([C@@H]4[C@H](c5c(CC4)cc(O)cc5)CC3)CC2)C,0.21518987341772153,4252481
S(OCC(C)(C)C)(OCC(C)(C)C)=O,0.1568627450980392,4252493
O1C(=O)[C@@H]([C@H](Cc2n(cnc2)C)C1)CC,0.20967741935483872,4252508
Clc1c(c(c(O)c(C(C)(C)C)c1)Cc2c(O)c(C(C)(C)C)cc(Cl)c2C)C,0.21428571428571427,4252510
O1[C@]2(C(=C3C(=O)[C@@H]4[C@H]([C@H]3CC2)CC=C5[C@@]4(CC[C@@H](C5)O)C)C)[C@@H](C)[C@@H]6NC[C@H](C[C@@H]61)C,0.17582417582417584,4252527
O[C@@H]1[C@]2([C@@H]([C@H]3[C@H]([C@]4([C@@H](CC3)C[C@@H](O)CC4)C)C1)CC[C@@H]2[C@@H](CCC(=O)O)C)C,0.18085106382978725,4252539
S(=O)(=O)(O)C[C@@H](N(=O)=O)CC,0.18,4252540
OC/C=C(/CCC=C(C)C)\C,0.18181818181818182,4252542
O=C(O)[C@@H]1[C@@]23C([C@]4([C@@]([C@@H]1C(=O)O)(C=C2)C[C@H](O)CC4)C)=CC[C@]5([C@H]3CC[C@@H]5C(=O)C)C,0.17105263157894737,4252546
S1(OC(c2c1cccc2)(c3ccc(O)cc3)c4ccc(O)cc4)(=O)=O,0.21052631578947367,4252556
O[C@@]1([C@@]2(C[C@@H]([C@H]3[C@@H]([C@H]2CC1)CCC=4[C@]3(CCC(=O)C4)C)O)C)C(=O)CO,0.16666666666666666,4252559
S(O[C@H]1[C@H]2OC(O[C@@H]2O[C@H]1[C@H]3OC(OC3)(C)C)(C)C)(=O)(=O)c4ccc(cc4)C,0.208955223880597,4252630
Oc1c(c(C2(c3c(c(O)c(cc3)C)C)CCN(CC2)C)ccc1C)C,0.22641509433962265,4252643
O[C@@]1([C@@]2(C[C@@H]([C@H]3[C@@H]([C@H]2CC1)CCC=4[C@]3(CCC(=O)C4)C)O)C)C(=O)COC(=O)C5CCCC5,0.20512820512820512,4252667
o1c(-c2ccc(C3=NCCN3)cc2)ccc1-c4ccccc4,0.23255813953488372,4252675
P(O[C@@H]1[C@@]2([C@@H]([C@@H]3[C@H](c4c(CC3)cc(O)cc4)CC2)CC1)C)(=O)(O)O,0.2054794520547945,4252682
P(Oc1cc2c([C@@H]3[C@@H]([C@@H]4[C@](C(=O)CC4)(CC3)C)CC2)cc1)(=O)(O)O,0.21428571428571427,4252683
Clc1cc2nc([nH]c2cc1)[C@H](O)[C@H](O)[C@H](O)[C@H](O)CO,0.23636363636363636,4252691
O[C@@H]1CC=2[C@@]([C@H]3[C@H](c4c(C3)c(c(cc4)[C@@H](C)[C@H]5NC[C@@H](C[C@@H]5O)C)C)CC2)(CC1)C,0.14772727272727273,4252747
[n+]1(C/C(=N/NC(=N)N)/C)ccccc1,0.20408163265306123,4252756
N(CC(C)C)(CC(C)C)CC#N,0.16666666666666666,4252783
N1([C@@H](CCN2CCCCC2)CCCC1)C,0.2,4252788
[N+]1(CCCC[N+]2(CCCCCCC2)C)(CCCCCCC1)C,0.12,4252798
[n+]1(cc2c(cc1)cccc2)CCCC[n+]3cc4c(cc3)cccc4,0.23076923076923078,4252867
O1c2c3c(cc(OC)c2O)CC[N+](C)(C)[C@@H]3Cc4cc(Oc5cc6[C@H]([N+](CCc6cc5OC)(C)C)Cc7ccc1cc7)c(O)cc4,0.18666666666666668,4252868
Oc1nc(O)ncc1C(=O)CN=N#N,0.2,4252875
F[C@]12[C@H]([C@@H]3[C@@]([C@]4(O[C@](O[C@@H]4C3)(c5ccccc5)C)C(=O)CO)(C[C@H]1O)C)CCC=6[C@]2(C=CC(=O)C6)C,0.20224719101123595,4252885
O=C1[C@H](CCC[C@H]1CN(C)C)CN(C)C,0.2127659574468085,4252890
S(SCCN)CCN,0.12903225806451613,4252906
O[C@]1([C@@]2(CC[C@@H]3[C@]4([C@@H](CC[C@@H]3[C@H]2CC1)Cc5nc(ncc5C4)-c6ccccc6)C)C)C,0.22077922077922077,4252911
O[C@@H]1[C@@H]([C@@H]\2C(CC(=C/C2=N/O)C)(C)C)C=C(CC1(C)C)C,0.1702127659574468,4252921
O[C@@H]([C@@H](O)CN1CC1)CN2CC2,0.23255813953488372,4252931
O1[C@H](n2ncc3c2ncnc3N4CC4)CCCC1,0.21333333333333335,4252982
S1(=O)(=O)N(C(=O)c2c1cccc2)CC[N+](CC)(CC)C,0.24528301886792453,4252986
FC(F)(F)/C(/OC(=O)C)=C\1/C(=O)[C@]2(CC[C@@H]3[C@H]([C@@H]2C1)CC=C4[C@@]3(CC[C@@H](C4)OC(=O)C)C)C,0.1875,4252989
O[C@@]1([C@@]2(CC[C@@H]3[C@]4(C(N(C(=O)CC4)CCN(C)C)=CC[C@H]3[C@@H]2CC1)C)C)C,0.18840579710144928,4253005
O=C(O)C1C[C@]2(C1)CC(C2)C(=O)O,0.2413793103448276,4253021
S[C@@]12[C@]3(C(=CC[C@H]1[C@@H]4[C@](CC2=O)(C(=O)CC4)C)C=C(OC(=O)C)CC3)C,0.1746031746031746,4253032
O1c2c(c(c3c(OCN(C3)C4CCCCC4)c2O)C(=O)O)CN(C1)C5CCCCC5,0.22413793103448276,4253044
O[C@]1([C@@]2(CC[C@H]3[C@@H]([C@@H]2CC1)CC=C4[C@@]3(CC[C@@H](C4)O)C)C)C(=O)CCN(C)C,0.18181818181818182,4253048
O1c2c(N(Cc3c(O)cc(c(O)c3)CNC4CCCCC4)C1)cccc2,0.234375,4253051
S=C1NCN2CCN(CC2)CNC(=S)C(=S)NCN3CCN(CC3)CNC1=S,0.10909090909090909,4253065
O[C@@]1([C@@]2(CC[C@H]3[C@H]([C@@H]2CC1)[C@@H](O)CC=4[C@]3(CCC(=O)C4)C)C)C,0.19444444444444445,4253084
S(c1nc(nc2n(cnc21)CC(C)C)N)Cc3ncccc3,0.2361111111111111,4253097
O[C@@H]([C@H](O)[C@H](O)CO)C(=O)NN,0.1794871794871795,4253098
O[C@@]12[C@]([C@H](CC1)C=3C(OCC3)=O)(CC[C@@H]4[C@@H]2CC[C@@H]5[C@]4(CC[C@@H](C5)O[C@@H]6O[C@@H]([C@H]([C@@H]([C@@H]6O)O)O)CO)C)C,0.18681318681318682,4253104
BrC(CN(CC(Br)=C)C)=C,0.19230769230769232,4253105
O1C(OCC1)(CCC(OC2CCCCC2)=O)C,0.21428571428571427,4253107
O[C@@]1([C@@]2(C[C@@H]([C@H]3[C@@H]([C@H]2CC1)C[C@H](C=4[C@]3(CCC(=O)C4)C)C)O)C)C(=O)C,0.19736842105263158,4253108
o1n[n+](cc1O)CC[n+]2noc(O)c2,0.16216216216216217,4253119
o1n[n+](cc1O)CCCC[n+]2noc(O)c2,0.15384615384615385,4253120
O(C(=O)CC1(O)CCCCC1)C2CCCC2,0.18867924528301888,4253139
N(CC(=C)C)(CC(=C)C)CC#N,0.21951219512195122,4253156
O=C(O)c1ccc(N2C=[N+]3C(=Nc4c3cccc4)C2)cc1,0.23529411764705882,4253158
S(c1nc(nc2n(cnc21)C3CCCC3)N)Cc4ncccc4,0.2328767123287671,4253159
O=C1[C@@]2([C@H]3[C@@H](C[C@@H]2[C@H]4CC[C@@H]5[C@@]([C@@H]4C1)(CC[C@@H](C5)OC(=O)C)C)CC(=CC3=O)C)C,0.21794871794871795,4253160
O1[C@@]2([C@]3([C@H]([C@@H]4[C@@H]([C@@]5(C(=CC4)C[C@H](CC5)O)C)CC3)C[C@H]2OC1(C)C)C)C(=O)COC(=O)C,0.19047619047619047,4253173
O=C(NC1(C(=O)O)CCCC1)C2(N)CCCC2,0.18032786885245902,4253186
O[C@@H]1C[C@H]2[C@]([C@H]3[C@H]([C@@H]4[C@](CC3)(C)[C@@H](CC4)[C@@H](CCC(OC)=O)C)CC2)(CC1)C,0.2222222222222222,4253187
N1(CCC2(CCC(C(C)(C)C)CC2)CC1)CCCN(C)C,0.24,4253196
O[C@@]1([C@]2(CC[C@@H]3[C@]4(C(N5C(=NCC5)CC4)=CC[C@@H]3[C@@H]2CC1)C)C)C,0.18421052631578946,4253202
S1(=O)(=O)N[C@H](c2c1cccc2)OS(=O)(=O)c3c(cccc3)C,0.22413793103448276,4253214
O1[C@@H]2[C@@]3([C@@]([C@@H]1CC2)(CN(C3)CC[N+](C)(C)C)C)C,0.14285714285714285,4253222
N1(C[C@@]2(C(C)(C)[C@H](CC2)C1)C)CCC[N+](C)(C)C,0.15625,4253223
O(C(=O)C)[C@@H]1CC=2[C@@](CC1)(C)[C@@H]3CC[C@@]4([C@@H]([C@H]3CC2)CC[C@H]4[C@@H](C(=O)O)C)C,0.19480519480519481,4253226
O=C(O)[C@@]1([C@@H]2[C@]([C@H]3[C@@]4([C@H](C[C@@](C3)(CC4)C(C)C)CN)CC2)(CCC1)C)C,0.16417910447761194,4253231
O(C1(O)C(=O)c2c(C1=O)cccc2)[C@H]3[C@]4([C@@H]([C@@H]5[C@@H]([C@H]6C(CC5)=CC(=O)CC6)CC4)CC3)C,0.22058823529411764,4253240
O[C@@H]1C[C@H]2[C@]([C@@H]3CC[C@@]4([C@@H]([C@H]3CC2)CC[C@H]4[C@@H](CCC(=O)NN)C)C)(CC1)C,0.1935483870967742,4253251
S(CCNC(=O)N)[C@@H]1[C@@H](O)CCCC1,0.22727272727272727,4253259
S(C)[C@@]12[C@H]([C@H]3[C@]([C@@](O)(CC3)C(=O)CO)(CC1=O)C)CCC=4[C@]2(CCC(=O)C4)C,0.17525773195876287,4253271
O1c2c3c(cc(OC)c2OC)CCN(C)[C@@H]3Cc4cc(Oc5ccc(C[C@H]6c7c(cc(OC)c1c7)CCN6C)cc5)c(OC)cc4,0.21621621621621623,4253279
S(c1ncnc2n(cnc21)CCCC)C,0.24561403508771928,4253290
O[C@]12[C@@]([C@@](O)(CC1)C(=O)CO)(CC[C@@H]3[C@@H]2CCC=4[C@]3(CCC(=O)C4)C)C,0.1875,4253296
FC(F)(F)c1[nH]nc([C@@H]2[C@@]3(CC[C@@H]4[C@H]([C@H]3CC2)CC[C@@H]5[C@]4(CC[C@@H](C5)O)C)C)c1,0.1518987341772152,4253312
FC(F)(F)c1n(nc([C@@H]2[C@@]3(CC[C@H]4[C@@H]([C@@H]3CC2)CC=C5[C@@]4(CC[C@@H](C5)OC(=O)C)C)C)c1)C(=O)C,0.17777777777777778,4253313
O1[C@@]2(c3c(O[C@]1([C@@H](O)[C@@H]([C@H]2O)N(C)C)C)c4c(C(=O)c5c(C4=O)cc6c(c5O)ccc(c6C(OC)=O)C)c(O)c3)C,0.20987654320987653,4253314
O=C1[C@H]2[C@]3(C(CC[C@H]2[C@H]4[C@](C(=CC4)CC(=O)O)(C1)C)=CC(=O)CC3)C,0.203125,4253349
O=C1[C@]2(CC[C@@H]3[C@@H]([C@H]2CC1)CCc4c3ccc(OCC(=O)O)c4)C,0.24285714285714285,4253355
Oc1nc(nc(N)c1Cn2cncc2)N,0.19672131147540983,4253362
O[C@H]1[C@@H]2[C@]([C@@H]3[C@@]([C@]4(C(=CC3)[C@H]5[C@](CC4)(C(=O)O)CC[C@H]([C@@H]5C)C)C)(C1)C)(C[C@@H]([C@H]([C@]2(CO)C)O)O)C,0.1927710843373494,4253367
Brc1ccc(S(OCC(=O)[C@@H]2[C@]3([C@H]([C@@H]4[C@H]([C@]5(C(CC4)=CC(=O)CC5)C)CC3)CC2)C)(=O)=O)cc1,0.21,4253378
P(OCC(=O)[C@@]1([C@]2(C[C@H]([C@]3(F)[C@@H]([C@@H]2C[C@@H]1C)CCC=4[C@]3(C=CC(=O)C4)C)O)C)O)(=O)(O)O,0.17894736842105263,4253394
SC([C@H](N=C(C)C)C(=O)O)(C)C,0.20588235294117646,4253397
O1CC[N+](CCC[N@+]2(C[C@H]3[C@@H]([C@H]4CC[C@@H]3C=C4)C2)C)(CC1)C,0.15254237288135594,4253401
O1C(=C([C@@H]2[C@]3([C@@H]([C@@H]4[C@H]([C@@]5([C@@H](CC4)C[C@H](CC5)O)C)CC3=O)C[C@H]21)C)C)CC[C@@H](CO)C,0.17475728155339806,4253421
s1cc(nc1-c2ccccc2)[C@@H]3[C@@]4(C[C@@H]([C@@H]5[C@@H]([C@H]4CC3)CCC=6[C@]5(CCC(=O)C6)C)O)C,0.18888888888888888,4253425
O1c2c3c(cc(OC)c2O)CCN(C)[C@@H]3Cc4ccc(Oc5cc(C[C@@H]6c7c(cc(OC)c1c7)CCN6C)ccc5O)cc4,0.19791666666666666,4253427
S(=O)(=O)(Cc1c(O)nc(O)nc1)Cc2c(O)nc(O)nc2,0.23076923076923078,4253435
N1(C(N(CCC1)[C@@H](c2ccc(N(C)C)cc2)C#N)c3ccc(N(C)C)cc3)[C@H](c4ccc(N(C)C)cc4)C#N,0.1643835616438356,4253436
O1[C@@]2(N(C(=O)[C@]1(NC(=O)[C@@H]3C=C4c5c6c(C[C@@H]4N(C3)C)c[nH]c6ccc5)C)[C@@H](C(=O)N7CCC[C@H]27)Cc8ccccc8)O,0.23529411764705882,4253437
[N@+]1(CC[C@]2(CC1)C[C@H](CCC2)C)(CCC[N+](C)(C)C)C,0.1346153846153846,4253444
O1[C@H]2[C@@H]([C@]3([C@@H]([C@H]4[C@@H]([C@]5(C(=CC4)C[C@@H](OC(=O)C)CC5)C)CC3)C2)C)[C@H]([C@]16NC[C@H](CC6)C)C,0.16853932584269662,4253449
O=C\1[C@@]2([C@@H]([C@@H]3[C@H](c4c(CC3)cc(OCC(=C)C)cc4)CC2)C/C1=N\O)C,0.21978021978021978,4253460
[N+](/N=C(/c1cc(c(cc1)C)C)\C)(C)(C)C,0.2459016393442623,4253462
OC(C(C)C)(C(C)C)C(C)C,0.17391304347826086,4253469
O1[C@](O)(c2ccccc2)C[N+](CC1)(C)C,0.24444444444444444,4253493
O1[C@](OCC[C@@H](C(=O)C)C)([C@H](CC1)C)C,0.21568627450980393,4253500
O1[C@H]2N(C[C@H]1CCC2)CCCN3CCOCC3,0.24528301886792453,4253512
s1nnc(c1-c2nnsc2)C(=O)O,0.24390243902439024,4253514
N(c1ccc(-c2ccc(NC3(CCCC3)C#N)cc2)cc1)C4(CCCC4)C#N,0.19148936170212766,4253520
Clc1c2[nH]c3nc4c(nc3c2cc(Cl)c1)cc(c(c4)C)C,0.2127659574468085,4253536
S(SCCN(C)C)(=O)(=O)O,0.21153846153846154,4253537
O=C1[C@]2([C@@H]([C@H](N3CC3)C[C@@H]2[C@H]4CC[C@@H]5[C@@]([C@@H]4C1)(CC[C@@H](C5)OC(=O)C)C)C(=O)C)C,0.2236842105263158,4253545
Oc1cc2c([C@@H]3[C@@H]([C@@H]4[C@](CC3)(C)[C@@H](CC4)[C@@H](NCCN(C)C)C)CC2)cc1,0.1891891891891892,4253554
O1[C@]2([C@]3([C@@]4(O)[C@@]15[C@]([C@@]([C@@]4(O)[C@@H]([C@@]3(O)C(C)C)OC(=O)c6[nH]ccc6)(C2)C)(O)CC[C@@H]([C@H]5O)C)C)O,0.20833333333333334,4253594
Sc1ncnc2n(CC(=O)[C@@H]3[C@]4([C@H]([C@@H]5[C@H]([C@]6(C(CC5)=CC(=O)CC6)C)CC4)CC3)C)cnc21,0.1956521739130435,4253599
N1(Cc2ncc[nH]2)CCN(Cc3ncc[nH]3)CC1,0.18181818181818182,4253611
O=N(=O)C(CCN)(CCN)C,0.1891891891891892,4253616
Clc1cc(S(=O)(=O)/N=C(\OCC(C)(C)C)/C)ccc1Cl,0.23728813559322035,4253617
O=C(O)/C(=N\O)/Cc1nn[nH]c1,0.2391304347826087,4253631
Brc1c(C2c3c(Oc4c2ccc(O)c4)cc(O)cc3)c(c(Br)c(Br)c1Br)C(=O)O,0.203125,4253659
S1CCSC1[C@H]2[C@@H](C[C@@]3([C@@H]4[C@H]([C@H]5[C@]([C@@H](OC(=O)C)CC5)(CC4)C)CCC3=C2)C)OC(=O)C,0.189873417721519,4253678
O(C(=O)CO)[C@@H]1[C@@]2([C@H]3[C@]([C@@H]([C@@H](O)[C@@](C1)(C=C)C)C)(CC[C@H]2C)CCC3=O)C,0.19480519480519481,4253679
Oc1cc2[C@H]([N+](CCc2cc1O)(C)C)Cc3cc(O)c(O)cc3,0.23728813559322035,4253688
O[C@]12[N@@+]3(CC[C@]14c5c(N6C(=O)C[C@H]7[C@H]([C@@H]64)[C@H](C2)C(C3)=CCO7)cc(OC)c(OC)c5)C,0.20430107526881722,4253689
O1[C@@H]([C@H]2[C@H]3Nc4c([C@]35[C@H]6N(CC5)CC([C@@H]2C6)=CC1)cccc4)CC(=O)O,0.22857142857142856,4253691
O1[C@@H]([C@H]2[C@H]3Nc4c([C@]35[C@H]6N(CC5)CC([C@@H]2C6)=CC1)cc(OC)c(OC)c4)CC(=O)O,0.2465753424657534,4253692
O=C1[C@H]2[C@H](N[C@H]([C@H]1[C@@H](N[C@H]2c3ccccc3)c4ccccc4)c5ccccc5)c6ccccc6,0.24324324324324326,4253694
s1c2c([n+](c1C)CCCOS(=O)(=O)O)cc(c(c2)C)C,0.1935483870967742,4253698
O=C1C([C@H]([N+](C)(C)C)c2ccccc2)=CCC1,0.23809523809523808,4253702
O1CC=C2[C@H]3[C@@H]4[C@@H](NC(=O)C[C@H]41)[C@]5([C@@H](N(CC5)C2)C3)/C(/C(=O)O)=C\C(=O)O,0.1724137931034483,4253711
O1C(c2c(C1=O)c(c(cc2)C(=O)O)C(=O)O)(c3ccc(O)cc3)c4ccc(O)cc4,0.22448979591836735,4253713
O=C(O)c1c(C[C@H]2NCC[C@@H]3[C@H]2Nc4c3cccc4)c(ccc1)C,0.2459016393442623,4253732
Oc1c2c3ncc(c(O)c3ccc2ncc1C(=O)O)C(=O)O,0.23529411764705882,4253741
OCCCN=C1CCCCC1,0.21739130434782608,4253742
O1[C@@H]([C@@H]2[C@H]([C@]3([C@@H]4N(CC3)CC([C@H]2C4)=CC1)C(=O)C(=O)O)N)CC(=O)O,0.21212121212121213,4253756
O1CC=C2[C@H]3[C@@H]4[C@@H](NC(=O)C[C@H]41)[C@]5([C@@H](N(CC5)C2)C3)C(=O)O,0.189873417721519,4253757
Oc1c(cc(-c2cc(c(O)c(c2)C)C(C)(C)C)cc1C)C(C)(C)C,0.21621621621621623,4253791
S1CC(Cc2c(c(c(c(c2C)C)C)C)CC3(CSC3)C)(C1)C,0.21212121212121213,4253793
O1C(O[C@H]2[C@@H]1[C@H](OC2)c3n[nH]c4c3nc(O)nc4O)(C)C,0.16393442622950818,4253801
N(Nc1ccccc1)(c2ccccc2)Cc3nccnc3,0.2222222222222222,4253805
s1c(NCNc2scnn2)nnc1,0.23076923076923078,4253820
S1[C@H]([C@H]2NC(=O)N[C@@H]2C1)CCC[C@@H](C(=O)O)C,0.2391304347826087,4253830
O=n1c2nc[nH]c2c(O)nc1N,0.22,4253831
O[C@@]1(C(CC(=O)C=C1C)(C)C)/C=C\C(=C\C(=O)O)\C,0.23076923076923078,4253843
O=C1N(Cc2nc3c(nc21)nc(nc3O)N)c4ccc(cc4)C(=O)O,0.22857142857142856,4253858
N12c3c(-c4c([C@H]1NN=C(C2)c5ccccc5)cccc4)cccc3,0.22413793103448276,4253863
Clc1nc(nc(Cl)c1-c2ccc(Cl)cc2)/C=C\c3ccc(Cl)cc3,0.21052631578947367,4253865
FC(F)(F)C1(OC(N[C@@H]1C(=O)NCC(=O)O)(C(F)(F)F)C(F)(F)F)C(F)(F)F,0.20967741935483872,4253888
N1(CC[C@H]2NCCCC2)CCCCC1,0.20512820512820512,4253914
O=C1c2c(C(=O)c3c1c(c(c(O)c3)C(=O)O)C(=O)O)c(O)c(c(c2O)C(=O)C)CC,0.234375,4253941
S(=O)(=O)(N(C)C)NCCN(C)C,0.2,4253951
O(N=C1C(C(C(C1(C)C)(C)C)(C)C)(C)C)CC,0.21875,4253965
O1[C@H]2[C@@H]([C@@]3([C@@H]([C@H]4[C@H]([C@@]5(C(=CC4)C[C@H](CC5)O)C)CC3)C2)C)[C@@H]([C@]16NC[C@H](CC6)C)C,0.16091954022988506,4253966
O1CCC([C@]2(NC(=O)[C@@]1(NC2=O)[C@H](O)[C@@](O)(CO)C)O)=C,0.16901408450704225,4253968
O1c2c3c4cc(OC)c2Oc5c1cc6c(c5)CCN[C@H]6Cc7cc(Oc8ccc(C[C@H]3N(CC4)C)cc8)c(OC)cc7,0.1919191919191919,4253969
S(SCC(NCC)=N)(=O)(=O)O,0.21428571428571427,4253981
O=n1c-2c3c(-c4c2cccc4)cccc3nc1CN5CCCCC5,0.24074074074074073,4253992
S(CCN(C)C)CCO,0.23809523809523808,4254005
O(NC(=O)N)C[C@@H]1NC(=O)NC1=O,0.23255813953488372,4254030
Clc1c(S(=O)(=O)N)cc2S(=O)(=O)N[C@H](Nc2c1)Cc3ccccc3,0.23880597014925373,4254064
O=N(=O)c1n(c(nc1)C)CCN=N#N,0.2,4254067
O=C1C(N2CC[C@@H]1CC2)(CO)CO,0.20930232558139536,4254084
O1[C@H]([C@H]([C@H](O)[C@@H](O)[C@@H]1C)O)O,0.16666666666666666,4254091
O=N(=O)c1n2c(nc1-n3c(nc(N(=O)=O)c3)C)cccc2,0.24285714285714285,4254104
S(C(=S)[C@@H]1C(=N)CCC1)CCC(=O)N,0.2037037037037037,4254121
S(C(=S)[C@@H]1C(=N)CCC1)CCC#N,0.16363636363636364,4254122
n12c(nnc1cc(cc2)C)CCc3n4c(nn3)cc(cc4)C,0.21153846153846154,4254123
O1CC(N(C1)COC2CCCCC2)(C)C,0.16363636363636364,4254124
O[C@]1([C@@H]2C[C@@]3([C@H](C2)CC[C@H]4[C@]3(CC[C@H]([C@]4(CO)C)O)C)CC1)COC(=O)CN,0.2077922077922078,4254128
Clc1ccc(/C=C/2\c3nc4c(c(c3CC2)[C@H](O)[C@H]5NCCCC5)cc(cc4C)C)cc1,0.20238095238095238,4254134
S=C(N1[C@@H](c2n(-c3c1cccc3)ccc2)c4cnccc4)Nc5cc(cc(c5)C(F)(F)F)C(F)(F)F,0.24675324675324675,4254145
S(=O)(=O)(N1[C@@H](c2n(-c3c1cccc3)ccc2)c4cnccc4)c5cc(C(F)(F)F)ccc5,0.2318840579710145,4254146
S1C(=S)N(C(=S)C1)CCC(=O)O,0.21951219512195122,4254148
Clc1ccc(-c2nc(on2)C[N+](N)(C)C)cc1,0.2222222222222222,4254153
O1[C@@](N=NC12CCCCC2)(OC(=O)C)C,0.16326530612244897,4254161
S(=O)(c1c(C(O)(C)C)cccc1)c2c(C(C)C)cccc2,0.23255813953488372,4254162
Clc1cc2n(O[C@H]3O[C@@H]([C@H]4OC(O[C@H]43)(C)C)[C@H]5OC(OC5)(C)C)nnc2cc1,0.22058823529411764,4254168
O=C1C(C(c2c(O)c(O)ccc2)C3C(=O)CC(CC3=O)(C)C)C(=O)CC(C1)(C)C,0.21153846153846154,4254177
P(=O)(O)(O)C1(N)CCCCC1,0.15,4254179
P(=O)(O)(O)CC(=O)C(C)(C)C,0.2222222222222222,4254181
S1(=O)(=O)N2[C@H]3NS(=O)(=O)N[C@@H]4N1[C@@H](NS(=O)(=O)N[C@H]2CC3)CC4,0.1388888888888889,4254193
o1c2c(c3c(cc2OC)cccc3)cc1N(=O)=O,0.24,4254214
S(=O)(=O)(Nc1ncccn1)CC(=O)NN,0.24390243902439024,4254216
s1nc(nc1N(C)C)CN(C)C,0.2,4254217
O[C@@H]1C[C@@H](/C(=N/NC(=O)N)/CC1)CC(=O)O,0.21568627450980393,4254226
[nH]1ncc2c1cc(NN=C(C#N)C#N)cc2,0.19298245614035087,4254227
Clc1c(C([C@@H](C(=O)O)C#N)[C@@H](C(=O)O)C#N)c(Cl)ccc1,0.23809523809523808,4254234
s1c(nc(c1)C(=O)N)-c2oc(cc2)CO,0.23333333333333334,4254243
S(P(=O)(O)O)C[C@H](N)CCN,0.16666666666666666,4254246
O[C@@H](c1nc(c(O)cc1)CO)CNC(C)(C)C,0.2153846153846154,4254257
Clc1c(C(Nc2ncccn2)Nc3ncccn3)cccc1,0.2391304347826087,4254261
[S@](=O)(=N)(CC[C@@H](P(=O)(O)O)N)C,0.1891891891891892,4254264
Clc1c(C(Nc2nccnc2)Nc3nccnc3)cccc1,0.23728813559322035,4254275
O=N(=O)c1n(c(nc1)CN2CCN(CC2)CCO)C,0.21875,4254280
Clc1cc([C@@H]2C3=C(OC4=C2C(=O)[C@H](CC4)CN(C)C)CC[C@@H](C3=O)CN(C)C)ccc1Cl,0.19480519480519481,4254289
Clc1c(C(Nc2scnn2)Nc3scnn3)c(Cl)ccc1,0.2,4254321
O=N(=O)c1n(C[C@H](O)CN2CCCCC2)ccn1,0.24193548387096775,4254332
O1[C@H]2OC(O[C@@H]2[C@H]([C@H]1[C@H]3OC(OC3)(C)C)N)(C)C,0.12903225806451613,4254340
O[C@@]12[C@]([C@H]([C@@H](C1)O)C3=CC(OC3)=O)(CC[C@H]4[C@H]2CC[C@@H]5[C@]4(CC[C@@H](C5)O)C)C,0.24675324675324675,4254349
O1c2c3c(cc(OC)c2OC)CN(C[C@@H]3Cc4cc(Oc5ccc(C[C@H]6c7c(cc(OC)c1c7)CCN6C)cc5)c(O)cc4)C,0.2,4254353
O=C1[C@]2([C@H]3C(C(C(=O)C(O)=C3)(C)C)=CC[C@H]2[C@@]4([C@](C1)(C)[C@H]([C@@H](C4)O)[C@@](O)(C(=O)/C=C\C(O)(C)C)C)C)C,0.19318181818181818,4254358
S(SCCN)(=O)(=O)CCN,0.19444444444444445,4254361
n1c2c(nnc1CCCCc3nc4c(nn3)CCCC4)CCCC2,0.1724137931034483,4254362
O1[C@@](N[C@@](C1)(CO)C)(C(OC[C@@]2(N=C(C(OC2)=O)C)C)=O)C,0.2222222222222222,4254367
O(c1c2[C@@H](N3[C@@H]([C@H]4N(C)[C@H]([C@@H]3Cc2ccc1)[C@H](C4)C(=O)O)C#N)CO)C,0.24615384615384617,4254369
s1c(NC(Nc2scnn2)c3c(F)cccc3F)nnc1,0.21428571428571427,4254378
S=C(N/N=C(/c1n(=O)c2c(n(=O)c1C)ccc(OC)c2)\C)N,0.22058823529411764,4254395
O=C(Nc1[nH]ncn1)/C=C\C(=O)O,0.23255813953488372,4254396
O(C(=O)CN(C)C)[C@@H]1C[C@H]2[C@@H](C1)C=CCCC[C@@H](OC(=O)C=C[C@@H]2O)C,0.18604651162790697,4254409
S(Sc1cc2[nH]c(nc2cc1)C(F)(F)F)c3cc4[nH]c(nc4cc3)C(F)(F)F,0.22641509433962265,4254415
N(=N\C(C1=NCCN1)(C)C)\C(C2=NCCN2)(C)C,0.16,4254421
S(CC[C@H](P(=O)(O)C)N)C,0.22857142857142856,4254424
O(C(=O)[C@H](N)CC(=O)N)CC#C,0.2222222222222222,4254432
O[C@H]1C[C@H]2[C@]([C@@H]3CC[C@]4([C@@H]([C@H]3CC2)CC[C@@H]4[C@@H](CCC(=O)O)C)C)(CC1)C,0.18888888888888888,4254434
OCCN1CCN(c2nc(nc(n2)N3CCCCC3)N4CCCCC4)CC1,0.21428571428571427,7972054
n1(nc(cc1C)C)-c2nc(nc(n2)NC(C)(C)C)NC(C)(C)C,0.22388059701492538,7972131
O1c2n(nc(c2C(C(=C1N)C#N)c3occc3)C)-c4ccc(cc4)C,0.21052631578947367,7974256
O(C(C#CCN1CCCCC1)(CC)CC)CCC#N,0.17391304347826086,7974511
O1C2(CC(C1=O)C(CC2)C(=O)O)C(C)C,0.22727272727272727,7975189
s1cc(nc1N)C2(OC(=O)C3(C2)C(OC(C3)COCC(C)C)=O)C,0.1839080459770115,7976204
Brc1cc2nc3s/c(/c(=O)n3c2nc1)=C\c4oc(-c5c(C(=O)O)cccc5)cc4,0.23376623376623376,7977434
S1C(NC(=O)C(NC(=O)C23CC4CC(C2)CC(C3)C4)C(C)C)=NCC1,0.21333333333333335,7977466
Brc1ccc([C@@H]2N=C3SCCN3C2)cc1,0.16071428571428573,11110660
Clc1c(N=C2NCCN2)c(Cl)cc(N)c1,0.15,11110712
NC12CC3CC(C1)CC(C2)C3,0.24242424242424243,11110715
Oc1c2-c3c4[C@@H](N(CCc4ccc3)C)Cc2ccc1O,0.24528301886792453,11110737
Clc1nc(c(nc1N(C)C)N)C(=O)N=C(N)N,0.16326530612244897,11110739
O1C(O[C@H]2[C@H]1[C@@H](OCCCN(C)C)[C@@H](O2)[C@H](O)CO)(C)C,0.18421052631578946,11110744
O=C1[C@]2([C@@H]([C@H]3[C@@H]([C@]4(C(=C(O)C(=O)CC4)CC3)C)CC2)CC1)C,0.16666666666666666,11110752
S(P(=O)(O)O)CCNCCCN,0.18181818181818182,11110755
O[C@H]1[C@]2([C@@H]([C@H]3[C@@H]([C@]4([C@H](CC3)C[C@H](O)CC4)C)CC2)CC1)C,0.16129032258064516,11110776
O=C1[C@@]2([C@H]([C@@H]3[C@H]([C@@]4([C@@H](CC3)C[C@@H](O)CC4)C)CC2)CC1)C,0.18181818181818182,11110802
Fc1c(cc(O)c(O)c1)[C@@H](O)CN,0.21428571428571427,11110808
o1c2c(nc1N)CCN(CC2)CC,0.18518518518518517,11110821
Br/C=C/1\OC(=O)[C@@H](c2c3c(ccc2)cccc3)CC1,0.23214285714285715,11110832
O(C[C@@H](N1CCCC1)CN(c2ccccc2)Cc3ccccc3)CC(C)C,0.2361111111111111,11110850
F[C@]12[C@@H]([C@@H]3[C@]([C@](O)([C@@H](C3)C)C(=O)CO)(C[C@@H]1O)C)CCC=4[C@@]2(C=CC(=O)C4)C,0.16853932584269662,11110856
O[C@@]12[C@H](C[C@H](C1)O)C=CCCC[C@@H](OC(=O)C=CC2)C,0.2033898305084746,11110859
O1[C@H](C[N+](C)(C)C)CO[C@@H]1C,0.16279069767441862,11110872
S1[C@@H](O[C@H](C[N+](C)(C)C)C1)C,0.13333333333333333,11110873
ClC=1C=2[C@@]([C@@H]3[C@H]([C@@H]4[C@]([C@](OC(=O)C)(CC4)C(=O)C)(CC3)C)C1)([C@@H]5[C@H](C5)C(=O)C2)C,0.2077922077922078,11110935
Oc1c(O)cc2c(c1)C[C@H](N)CC2,0.1875,11111012
Oc1c2-c3c4[C@H](N(CCc4cc(O)c3)C)Cc2ccc1O,0.234375,11111015
Oc1cc2[C@H](c3ccccc3)CNCCc2cc1O,0.2127659574468085,11111020
Clc1c2C(=O)[C@](Cc2cc(OCC(=O)O)c1Cl)(C3CCCC3)CCCC,0.20833333333333334,11111030
O1CC2=C([C@@]34N(CCC3=CC[C@H](C4)OC)CC2)CC1=O,0.18421052631578946,11111038
FC(F)[C@](N)(C(=O)O)CCCN,0.24390243902439024,11111039
O=C(/N=N\C(=O)N(C)C)N(C)C,0.20833333333333334,11111062
O=C1[C@@]2([C@@H]([C@H]3[C@H]([C@@]4(C(=CC3)C[C@@H](O)CC4)C)CC2)CC1)C,0.18840579710144928,11111068
Clc1nnc(N2C[C@H]3N[C@@H](C2)CC3)cc1,0.1875,11111100
O[C@@H]1[C@H](O)[C@H](O)CN[C@H]1CO,0.16666666666666666,11111114
Oc1cc([N+](CC)(C)C)ccc1,0.23076923076923078,11111143
Clc1c2c([C@H](c3ccc(O)cc3)CNCC2)cc(O)c1O,0.15384615384615385,11111192
O=C1/C(/[C@]2([C@@H]([C@H]3[C@@H]([C@]4(C(CC3)=CC(=O)CC4)C)CC2)C1)C)=C\C,0.18604651162790697,11111228
O1[C@](O)(c2ccc(-c3ccc([C@@]4(OCC[N+](C4)(C)C)O)cc3)cc2)C[N+](CC1)(C)C,0.1702127659574468,11111241
[N+](CCCCCC[N+](C)(C)C)(C)(C)C,0.16129032258064516,11111255
O[C@]1([C@]2([C@@H]([C@H]3[C@@H]([C@]4(C(CC3)=CC(=O)CC4)C)CC2)CC1)C)C(=O)C,0.2028985507246377,11111272
Clc1c2C(=O)[C@](Cc2cc(OCC(=O)O)c1Cl)(C3CCCC3)C,0.21212121212121213,11111296
[NH2+](CCC1C[C@H]2C[C@@H](C1)CCC2)CCCCC[NH2+]C,0.16071428571428573,11111306
O([C@H]1c2c(c(O)c3c(c2O)C(=O)c4c(C3=O)cccc4)C[C@@](O)(C1)C(=O)C)[C@@H]5O[C@H]([C@H]([C@H](C5)N)O)C,0.21951219512195122,11111316
O[C@@]12[C@@H]3[C@H]4[C@@]5([C@@H]6C[C@@H]([C@H]([C@H]16)O)[C@H](C2)OC)[C@H]([C@](CN4CC)(CC[C@H]5O)C)C3,0.16666666666666666,11111354
S(=O)(=O)(N1CCN(CC1)c2c(cccc2)C)C[C@]34C(C)(C)[C@@H](C[C@H]3NC(=O)[C@@H](N)CCS(=O)(=O)C)CC4,0.23404255319148937,11111374
O1[C@@H](C[C@@H](O)[C@@H]1C)C[N+](C)(C)C,0.1590909090909091,11111401
N1[C@@]2(c3c([C@H]1Cc4c2cccc4)cccc3)C,0.21428571428571427,11111403
Clc1c(S(ON)=O)cc2C(=O)N([C@@H](Nc2c1)C)c3c(cccc3)C,0.2077922077922078,11111407
N1[C@H](CCC[C@@H]1CCN)CCN,0.16666666666666666,11111413
Clc1nc(nc(OC)c1NC2=NCCN2)C,0.1724137931034483,11111430
O[C@H]1[C@]2([C@@H]([C@H]3[C@@H](c4c(CC3)cc(O)c(OC)c4)CC2)CC1)C,0.21666666666666667,11111479
N(C)[C@]1(C(C)(C)[C@@H]2C[C@H]1CC2)C,0.22448979591836735,11111496
NC12C[C@@]3(C[C@](C1)(CC(C2)C3)C)C,0.15384615384615385,11111499
O[C@@]12[C@H]([C@H](C(O)=C(C1=O)C(=O)N)C(C)C)C[C@H]3C(=C2O)C(=O)c4c(C3)c(N(C)C)ccc4O,0.1839080459770115,11111501
O=C(NC1CCC(CC1)(C)C)[C@H](N)CCC(=O)O,0.24242424242424243,11111529
S(N=O)C([C@@H](NC(=O)C)C(=O)O)(C)C,0.21739130434782608,11111532
O1c2c3[C@]45[C@@](O)([C@@H](N(CC4)CC6CCC6)Cc3ccc2O)CC[C@@H]([C@H]51)O,0.17567567567567569,11111538
O(C(=O)[C@H](N)CCCNC(NN(=O)=O)=N)C,0.23728813559322035,11111545
O=C1N(C[C@@H](O)C1)CC(=O)N,0.21428571428571427,11111573
O=C([C@H]1[C@@]2([C@H]([C@@H]3[C@H]([C@@]4([C@@H](CC3)C[C@@H](O)CC4)C)CC2)CC1)C)CO,0.17647058823529413,11111618
O=C(O)C1=CC[C@H](CC1)C(=C)C,0.23404255319148937,11111656
O=C([C@H]1[C@@]2([C@H]([C@@H]3[C@H]([C@@]4([C@@H](CC3)C[C@@H](O)CC4)C)CC2)CC1)C)C,0.18461538461538463,11111682
S(=O)(=O)(O)C1CCNCC1,0.21621621621621623,11111684
O(c1c[n+](ccc1)C)C(=O)N(C)C,0.24561403508771928,11111694
N1(CCC[C@H]2[C@H]1Cc3c(n[nH]c3)C2)CCC,0.21875,11111699
S(Cc1oc(cc1)CN(C)C)CCN/C(/NC)=C/N(=O)=O,0.2112676056338028,11111714
O1c2c(C(=O)[C@@H]3[C@@H]1COc4c3cc(OC)c(OC)c4)ccc5O[C@H](Cc25)C(=C)C,0.24468085106382978,11111750
O1[C@@](OC)(C2=NCCN2)COc3c1cccc3,0.203125,11111752
s1c2c([C@H](c3cc(O)c(O)cc3)CNC2)cc1,0.23404255319148937,11111794
S(C(=O)C)[C@H]1[C@H]2[C@@H]3[C@]([C@@]4(OC(=O)CC4)CC3)(CC[C@@H]2[C@]5(C(C1)=CC(=O)CC5)C)C,0.1875,11111798
S(=O)(c1ccc(/C=C/2\c3c(C(=C2C)CC(=O)O)cc(F)cc3)cc1)C,0.21428571428571427,11111823
P([O-])(=O)(C1=CC[NH2+]CC1)C,0.13333333333333333,11111850
S(SC(=S)N(CC)CC)C(=S)N(CC)CC,0.23076923076923078,11111859
P(OP(=O)(NC(C)C)NC(C)C)(=O)(NC(C)C)NC(C)C,0.2,11111862
O=C1N(C(=O)[C@H](c2nc[nH]c21)C)C,0.2037037037037037,11111864
O[C@H](c1cc(O)cc(O)c1)CNC(C)(C)C,0.24561403508771928,11111871
S1SCC[C@@H]1CCCCC(=O)O,0.24390243902439024,11111897
S1[C@](C(O)=C(C1=O)C)(/C=C(/C=C)\C)C,0.15384615384615385,11111932
O1c2c(c(c(O)c(c2C)C)C)CC[C@]1(CN3CCN(c4nc(nc(N5CCCC5)c4)N6CCCC6)CC3)C,0.1839080459770115,11111949
O(c1cc2c([C@H]3[C@@H]([C@H]4[C@@]([C@H](NCCCCCCN5C(=O)C=CC5=O)CC4)(CC3)C)CC2)cc1)C,0.23157894736842105,11111950
O[C@]1([C@]2([C@@H]([C@H]3[C@@H]([C@]4(C(CC3)=CC(=O)C=C4)C)[C@@H](C2)O)CC1)C)C(=O)CO,0.16455696202531644,11112098
O[C@H]1[C@]2([C@@H]([C@H]3[C@@H](c4c(CC3)cc(O)cc4)CC2)C[C@H]1O)C,0.19117647058823528,11112099
O1C(=O)[C@@H]([C@@H]([C@@H]1[C@@H](O)CO)O)O,0.17777777777777778,11112106
S(C(=O)C)[C@@H]1[C@@H]2[C@@H]3[C@@]([C@]4(OC(=O)CC4)CC3)(CC[C@@H]2[C@]5(C(C1)=CC(=O)CC5)C)C,0.1875,11112113
O[C@@]1([C@@]2([C@@H]([C@@H]3[C@H]([C@@H]4C(CC3)=CCCC4)CC2)CC1)C)C#C,0.17333333333333334,11112115
O[C@]1([C@]2([C@@H]([C@H]3[C@@H]([C@]4(C(CC3)=CC(=O)C=C4)C)C(=O)C2)CC1)C)C(=O)CO,0.16666666666666666,11112117
O[C@]1([C@]2([C@@H]([C@H]3[C@@H]([C@]4(C(CC3)=CC(=O)CC4)C)C(=O)C2)CC1)C)C(=O)CO,0.16883116883116883,11112118
O(C(=O)CC)[C@@H]1[C@@]2([C@]([C@]3([C@@]([C@@]4(C(CC3)=CC(=O)CC4)C)(CC2)[H])[H])(CC1)[H])C,0.2087912087912088,11112138
S(=O)(CCC1C(=O)N(N(C1=O)c2ccccc2)c3ccccc3)c4ccccc4,0.23529411764705882,11112139
s1c(N2C(=O)NCC2)ncc1N(=O)=O,0.22641509433962265,11112162
O=C([C@H]1[C@]2([C@@H]([C@H]3[C@@H]([C@]4(C(CC3)=CC(=O)CC4)C)CC2)CC1)C)CO,0.18888888888888888,11112177
O=C1[C@@H]([C@H](O)CC2CC(=O)NC(=O)C2)C[C@H](C[C@H]1C)C,0.22727272727272727,11112185
O[C@]1([C@]2([C@@H]([C@H]3[C@@H]([C@@H]4C(CC3)=CC(=O)CC4)CC2)CC1)C)C#C,0.18666666666666668,11112191
O[C@@]1([C@@]2([C@@H]([C@@H]3[C@H](c4c(CC3)cc(OC)cc4)CC2)CC1)C)C#C,0.23255813953488372,11112199
S1(=O)(=O)N[C@H](Nc2c1cc(S(=O)(=O)N)c(c2)C(F)(F)F)Cc3ccccc3,0.21052631578947367,11112201
Clc1c(S(=O)(=O)N)cc2c(N[C@H](NC2=O)CC)c1,0.22033898305084745,11112202
O1C(=O)[C@@]2([C@@H]3[C@@]1([C@@H]4[C@]5([C@@H]3C(=O)O)C[C@@](O)(C(C5)=C)CC4)C=C[C@H]2O)C,0.18518518518518517,11112205
O1[C@H]2[C@H]([C@@]3([C@H]([C@H]4[C@H]([C@]5([C@H](CC4)C[C@H](CC5)O)C)CC3)C2)C)[C@@H]([C@]16NC[C@H](CC6)C)C,0.14705882352941177,11112208
Clc1ccc([C@H]2S(=O)(=O)CCC(=O)N2C)cc1,0.2463768115942029,11112214
O[C@@H](C(CO)(C)C)C(=O)NCCCO,0.21568627450980393,11112215
OC1(C2(C(C3(C(C(O)(CC3)C(=O)CO)(C1)C)[H])(CC(C=4C2(C=CC(=O)C4)C)(C)[H])[H])[H])[H],0.189873417721519,11112219
o1c2nc3c(c(OC)c2cc1)ccc(OC)c3OC,0.23333333333333334,11112222
O1C[C@@H]([C@@H]2[C@@H]1[C@@H](ON(=O)=O)CO2)ON(=O)=O,0.14516129032258066,11112232
N12[C@@H]([C@H]3C[C@H]([C@@H]4N(C3)CCCC4)C1)CCCC2,0.17307692307692307,11112237
O=C1NC(=O)N[C@@H]1NC(=O)N,0.23076923076923078,11112250
F[C@]12[C@@H]([C@@H]3[C@@]([C@](O)([C@H](O)C3)C(=O)CO)(C[C@@H]1O)C)CCC=4[C@@]2(C=CC(=O)C4)C,0.17045454545454544,11112269
Clc1c2O[C@]3(C(=O)c2c(OC)cc1OC)[C@@H](OC)CC(=O)C[C@H]3C,0.2,11112273
O1[C@H]2[C@H]([C@@]3([C@H]([C@H]4[C@H]([C@@]5(C(=CC4)C[C@H](CC5)O)C)CC3)C2)C)[C@@H]([C@]16NC[C@H](CC6)C)C,0.16091954022988506,11112274
O[C@@H]1[C@H]2[C@@H]3[C@@]([C@H](CC3)[C@@H](CCC(=O)O)C)(CC[C@H]2[C@]4([C@@H](C1)C[C@@H](O)CC4)C)C,0.18681318681318682,11112280
O[C@@H]1[C@H]2[C@@H]3[C@@]([C@H](CC3)[C@@H](CCC(=O)O)C)(CC[C@@H]2[C@]4([C@@H](C1)C[C@@H](O)CC4)C)C,0.18681318681318682,11112281
S1(=O)(=O)NCNc2c1cc(S(=O)(=O)N)c(c2)C(F)(F)F,0.16666666666666666,11112295
O=C([C@@H]1[C@@]2([C@@H]([C@@H]3[C@@H]([C@@]4(C(=CC3)C[C@@H](O)CC4)C)CC2)CC1)C)C,0.16901408450704225,11112303
O=C(C1(C2(C(C3(C(C4(C(C=C3)=CC(=O)CC4)C)(CC2)[H])[H])(CC1)[H])C)[H])C,0.17777777777777778,11112307
O(C(=O)C)[C@]1([C@]2([C@@H]([C@H]3[C@@H]([C@H]4C(CC3)=C[C@@H](OC(=O)C)CC4)CC2)CC1)C)C#C,0.2077922077922078,11112312
N1(CCCC1)CC#CCN2CCCC2,0.16326530612244897,11112314
O1[C@](O)(c2ccc(-c3ccc([C@]4(OCC[N+](C4)(C)C)O)cc3)cc2)C[N+](CC1)(C)C,0.1702127659574468,11112321
F[C@]12[C@@H]([C@@H]3[C@@]([C@](O)(CC3)C(=O)COC(=O)C)(C[C@@H]1O)C)CCC=4[C@@]2(C=CC(=O)C4)C,0.18681318681318682,11112330
F[C@]12[C@@H]([C@H]3[C@@]([C@@]4(OC(O[C@@H]4C3)(C)C)C(=O)COC(=O)C)(C[C@H]1O)C)C[C@@H](C=5[C@]2(C=CC(=O)C5)C)F,0.17346938775510204,11112333
F[C@]12[C@@H]([C@@H]3[C@@]([C@](O)([C@@H](C3)C)C(=O)CO)(C[C@@H]1O)C)CCC=4[C@@]2(C=CC(=O)C4)C,0.16853932584269662,11112336
O=C1[C@@H]2[C@]3(C(CC[C@H]2[C@@H]4[C@@](C1)(C(=O)CC4)C)=CC(=O)CC3)C,0.17333333333333334,11112337
F[C@@]12[C@@]3(C([C@@H](C[C@@H]1[C@H]4[C@]([C@](O)(CC4)C(=O)C)(C[C@@H]2O)C)C)=CC(=O)C=C3)C,0.21052631578947367,11112339
O[C@]1([C@]2([C@@H]([C@H]3[C@@H]([C@]4(C(CC3)=CC(=O)CC4)C)CC2)CC1)C)C#C,0.1891891891891892,11112341
O[C@@H]1C[C@H]2[C@]([C@@H]3[C@@H]([C@@H]4[C@]([C@H](CC4)[C@@H](CCC(=O)O)C)(CC3)C)CC2)(CC1)C,0.18888888888888888,11112342
O=N(=O)c1n(c(nc1)C)CCO,0.23529411764705882,11112343
O1[C@H]2[C@@H]([C@]3([C@@H]([C@H]4[C@H]([C@@]5([C@@H](CC4)C[C@H](CC5)O)C)CC3=O)C2)C)[C@@H]([C@@]16OC[C@H](CC6)C)C,0.189873417721519,11112345
O=C1[C@@]2([C@H](C3=CCc4c([C@@H]3CC2)ccc(O)c4)CC1)C,0.1891891891891892,11112348
O[C@H]1[C@]2([C@@H](CC[C@@H]2[C@@H](CCC(=O)NCC(=O)O)C)[C@H]3[C@H]([C@]4([C@@H](C[C@@H]3O)C[C@@H](O)CC4)C)C1)C,0.19,11112349
O1c2c(C(=O)C[C@H]1c3ccc(O)cc3)c(O)cc(O)c2,0.19148936170212766,11112355
O1C(=O)[C@H]([C@H]2[C@@H]1C=3[C@](CC2)(C=CC(=O)C3C)C)C,0.21428571428571427,11112359
N1[C@H](c2cnccc2)CCCC1,0.23684210526315788,11112368
O1C[C@H]2[C@@H]3[C@H]4[C@@]5([C@H]1C[C@@H]2[C@]4(CN3C)C=C)c6c(NC5=O)cccc6,0.17647058823529413,11112374
O[C@]12[C@@H]3[C@@]4([C@@H]5C[C@H]6[C@H]([C@H]5[C@]1(O)C[C@@H]6OC)OC)[C@@H](O)CC[C@]([C@H]4[C@@H]2OC)(CN3CC)COC,0.14606741573033707,11112375
O1[C@]2(N(C(=O)[C@@]1(NC(=O)[C@@H]3C=C4c5c6c(C[C@@H]4N(C3)C)c[nH]c6ccc5)C(C)C)[C@H](C(=O)N7CCC[C@H]27)CC(C)C)O,0.19047619047619047,11112376
F[C@]12[C@@H]([C@@H]3[C@@]([C@](O)(CC3)C(=O)COC(=O)C)(C[C@@H]1O)C)CCC=4[C@@]2(CCC(=O)C4)C,0.18888888888888888,11112377
O[C@@H]1C[N+]([C@H](C1)C([O-])=O)(C)C,0.15789473684210525,11112378
S=C(N)c1cc(ncc1)CC,0.2222222222222222,11112402
N1(C[C@@]23[C@@H]([C@H]4[C@H]([C@@]5(C(=CC4)C[C@@H](N(C)C)CC5)C)CC2)CC[C@@H]3[C@H]1C)C,0.1375,11112407
N1(Cc2c(CC1)cccc2)C(=N)N,0.24489795918367346,11112418
O(C(=O)C)[C@]1([C@]2([C@@H]([C@H]3[C@@H]([C@]4(C(C(=C3)C)=CC(=O)CC4)C)CC2)CC1)C)C(=O)C,0.20270270270270271,11112421
Clc1c(S(=O)(=O)N)cc2S(=O)(=O)N[C@@H](Nc2c1)CC3CCCC3,0.1791044776119403,11112439
O[C@]1([C@]2([C@@H]([C@H]3[C@@H]([C@@H]4C(CC3)=CC(=O)CC4)CC2)CC1)CC)C#C,0.1791044776119403,11112445
N(C)[C@]1(C(C)(C)[C@@H]2C[C@@H]1CC2)C,0.22448979591836735,11112446
O=C1[C@@]2([C@@H]([C@H]3[C@H]([C@@]4(C(=CC3)C[C@@H](OC(=O)C)CC4)C)CC2)CC1)C,0.21052631578947367,11112449
O(c1c(OCC)cc2c(c(ncc2)Cc3cc(OCC)c(OCC)cc3)c1)CC,0.2191780821917808,11112462
S1(=O)(=O)c2c(cc(c(S(=O)(=O)N)c2)C)CCC1,0.1864406779661017,11112466
F[C@]12[C@@H]([C@@H]3[C@@]([C@](O)([C@@H](C3)C)C(=O)COC(=O)C)(C[C@@H]1O)C)CCC=4[C@@]2(C=CC(=O)C4)C,0.1956521739130435,11112471
S1C(=O)[C@H](NC(=O)C)CC1,0.22448979591836735,11112473
O=C(O)C1CCC(CC1)CN,0.24242424242424243,11112474
F[C@@H]1C=2[C@@]([C@H]3[C@@H]([C@H]4[C@@]([C@@]5(OC(O[C@@H]5C4)(C)C)C(=O)CO)(C[C@H]3O)C)C1)(CCC(=O)C2)C,0.1702127659574468,11112491
O[C@@]12[C@@]([C@H](CC1)C3=CC(OC3)=O)([C@H](O)C[C@H]4[C@@H]2CC[C@@H]5[C@]4(CC[C@@H](C5)O)C)C,0.24675324675324675,11112497
F[C@]12[C@H]([C@H]3[C@@]([C@](O)([C@@H](C3)C)C(=O)CO)(C[C@H]1O)C)C[C@@H](C=4[C@]2(C=CC(=O)C4)C)F,0.1728395061728395,11112510
S1[C@@H]2[C@H]1C[C@@H]3[C@]([C@@H]4[C@H]([C@@H]5[C@]([C@H](O)CC5)(CC4)C)CC3)(C2)C,0.14925373134328357,11112515
O[C@H]1[C@@H]2[C@]3(C([C@H](C[C@H]2[C@@H]4[C@]([C@@H](CC4)C(=O)C)(C1)C)C)=CC(=O)CC3)C,0.18421052631578946,11112522
O1CCN(C(NC(=N)N)=N)CC1,0.21739130434782608,11112529
O[C@@H]1[C@@]23[C@@H]4[C@@]5([C@@H]6[C@@H]2N(C[C@@]([C@H]3C6)(CC1)C)CC)[C@@H](O)C([C@H](C5)[C@@H](C4)O)=C,0.1590909090909091,11112560
Clc1c(S(=O)(=O)N)cc2S(=O)(=O)N[C@@H](Nc2c1)CSCC=C,0.17142857142857143,11112566
O1C(=O)C=C2[C@@]13[C@@H]4N([C@H](C3)C=C2)CCCC4,0.19047619047619047,11112567
O[C@@H]1[C@@H]2N(C)[C@H](C1)CC(=O)C2,0.2,11112571
O=C1C[C@@H]2N(C)[C@H](C1)CCC2,0.17307692307692307,11112579
O=C1[C@@H]2C3=C(c4c(CC[C@H]3NC(=O)C)cc(OC)c(OC)c4OC)[C@@H]2C=C1OC,0.2318840579710145,11112587
S(Oc1cc2c([C@@H]3[C@H]([C@@H]4[C@](C(=O)CC4)(CC3)C)CC2)cc1)(=O)(=O)O,0.2191780821917808,11112590
O[C@]12[C@@H]3[C@@H]4[C@@]5([C@@H]([C@@](CN4CC)(CC[C@@H]5O)COC)C3)[C@H]6C[C@H]([C@@H]([C@@H]16)OC(=O)C)[C@@H](C2)OC,0.17777777777777778,11112592
O1[C@@H]([C@H]([C@@H](O[C@H](C(=O)O)C)[C@H](O)[C@@H]1CO)NC(=O)C)O,0.24,11112602
O(C(=O)C)[C@H]1[C@@]23[C@@H]4N5[C@H]([C@@H]2[C@](C5)(C[C@@H]1OC(=O)c6ccccc6)C)C[C@@]78CC([C@@H]([C@@H]([C@@H]37)OC(=O)C)[C@H]([C@@H]48)O)=C,0.20930232558139536,11112604
O=C1N2N(C(=O)[C@@H]1CCC)C(=Nc3c2cc(cc3)C)N(C)C,0.2465753424657534,11112609
O[C@@]12[C@H]([C@@H](N(C)C)C(O)=C(C1=O)C(=O)N)C[C@H]3C(=C2O)C(=O)c4c(C3)c(N(C)C)ccc4O,0.1625,11112610
O=C1c2c([nH]c(c2CC)C)CC[C@H]1CN3CCOCC3,0.234375,11112625
Clc1c(S(=O)(=O)N)cc2c(N[C@H](N(C2=O)c3c(cccc3)C)C)c1,0.2361111111111111,11112636
O1C(=O)[C@H]([C@H]2[C@@H]1[C@H]3C(C(=O)C=C3C)=C(CC2)C)C,0.17391304347826086,11112641
O1[C@@H]([C@@H](NC(=O)N(N=O)C)[C@@H](O)[C@H](O)[C@@H]1CO)O,0.24193548387096775,11112647
S(=O)(=O)(CCn1c(N(=O)=O)cnc1C)CC,0.22641509433962265,11112651
O1c2c3[C@]4([C@H]1C[C@@H](O)C=C4)CCN(Cc3ccc2OC)C,0.2159090909090909,11112652
Clc1c(N)c(Cl)cc(c1)[C@@H](O)CNC(C)(C)C,0.22950819672131148,11112666
O1C2(OC[C@H]1CNC(=N)N)CCCCC2,0.18333333333333332,11112668
O1c2c3[C@]45[C@@](O)([C@@H](N(CC4)CC6CCC6)Cc3ccc2O)CC[C@@H]([C@@H]51)O,0.17567567567567569,11112686
O([C@H]1c2c(c(O)c3c(c2O)C(=O)c4c(C3=O)cccc4OC)C[C@@](O)(C1)C(=O)C)[C@H]5O[C@H]([C@H]([C@H](C5)N)O)C,0.19811320754716982,11112689
O=C1[C@H]2[C@@]3([C@@H](CC[C@@H]2[C@H]4[C@]([C@@H](CC4)C(=O)C)(C1)C)C[C@@H](O)CC3)C,0.18571428571428572,11112692
O=C1[C@@H]2[C@@H]([C@H]3[C@]([C@@H](CC3)C(=O)COC(=O)C)(C1)C)CC[C@@H]4[C@@]2(CC[C@@H](C4)O)C,0.1794871794871795,11112693
O1C(=O)c2c(c(c(OC)c(c2O)C/C=C(/CCC(=O)O)\C)C)C1,0.22388059701492538,11112696
F[C@]12[C@H]([C@H]3[C@@]([C@](OC(=O)C)([C@@H](C3)C)C(=O)COC(=O)C)(C[C@H]1O)C)C[C@@H](C=4[C@]2(C=CC(=O)C4)C)F,0.17894736842105263,11112734
Oc1c(O)cc2c([C@@H](NCC2)C)c1,0.17777777777777778,11112753
O[C@@]12[C@H]3[C@H]4[C@]5([C@@H]6C[C@@H]([C@H]([C@@H]16)O)[C@H](C2)OC)[C@H]([C@](CN4CC)(CC[C@@H]5O)C)C3,0.16666666666666666,11112755
NC12C[C@@]3(C[C@@](C1)(CC(C2)C3)C)C,0.15384615384615385,11112762
O[C@H]1[C@H]2[C@H]([C@@H]3[C@]([C@]([C@@H](C3)C)(C(=O)CC)C)(C1)C)CCC=4[C@]2(C=CC(=O)C4)C,0.17045454545454544,11112770
O1[C@@]2([C@]3([C@@H]([C@H]4CCC=5[C@]([C@H]4[C@@H](C3)O)(C=CC(=O)C5)C)C[C@H]2O[C@H]1CCC)C)C(=O)CO,0.15730337078651685,11112776
O1c2c(c(c(O)c(c2C)C)C)CC[C@]1(C(=O)O)C,0.21153846153846154,11112784
O[C@]1([C@]2([C@@H]([C@H]3[C@@H]([C@@H]4C(C(=C3)C)=CC(=O)CC4)CC2)CC1)C)C(=O)CC(=O)C,0.18309859154929578,11112799
ClC(c1c(S(=O)(=O)N)cc(S(=O)(=O)N)c(N)c1)=C(Cl)Cl,0.22916666666666666,11112808
O1C(O[C@H]2[C@@H]1[C@H](OCCCN(C)C)[C@H](O2)[C@H](O)CO)(C)C,0.18421052631578946,11112809
O1O[C@]2(O[C@H]3[C@]14[C@@H]([C@H](C(O3)=O)C)CC[C@@H]([C@H]4CC2)C)C,0.1891891891891892,11112820
Clc1c([C@]2(O[C@@H](CO2)COc3ccc(N4CCN(CC4)C(C)C)cc3)Cn5ncnc5)ccc(Cl)c1,0.2,11112827
S(=O)(c1cc(OC)c(-c2nc3ncccc3[nH]2)cc1)C,0.21951219512195122,11112839
O(C(=O)[C@H](CC)C)[C@H]1[C@@H]2[C@@H]([C@H](C=CC2=C[C@H](C1)C)C)CC[C@@H]3OC(=O)C[C@@H](C3)O,0.19047619047619047,11112845
s1c(nc(c1)CSCCN/C(/NC)=C/N(=O)=O)CN(C)C,0.2191780821917808,11112849
N1[C@@]2(c3c([C@@H]1Cc4c2cccc4)cccc3)C,0.21428571428571427,11112850
O(C(=O)C(CC)(C)C)[C@H]1[C@@H]2[C@@H]([C@H](C=CC2=C[C@H](C1)C)C)CC[C@@H]3OC(=O)C[C@@H](C3)O,0.1927710843373494,11112856
S(C(=O)[C@]1([C@]2([C@H]([C@H]3[C@](F)([C@]4(C([C@@H](C3)F)=CC(=O)C=C4)C)[C@@H](O)C2)C[C@@H]1C)C)OC(=O)CC)CF,0.19318181818181818,11112859
S(=O)(=O)(NC(=O)NC1CCC(CC1)C)c2ccc(cc2)CCNC(=O)N3C(=O)C(=C(C3)C)CC,0.23469387755102042,11112876
O=C(NC(C)(C)C)[C@H]1[C@]2([C@@H]([C@H]3[C@@H]([C@]4([C@@H](NC(=O)C=C4)CC3)C)CC2)CC1)C,0.16883116883116883,11112881
n1(ncnc1)C(c2ccc(cc2)C#N)c3ccc(cc3)C#N,0.203125,11112889
S1(=O)(=O)c2sc(S(=O)(=O)N)cc2[C@H](NCC)C[C@@H]1C,0.17543859649122806,11112893
S1(=O)(=O)N(C[C@H](c2c1sc(S(=O)(=O)N)c2)NCC)CCCOC,0.21875,11112895
F[C@@H]1C=2[C@]([C@H]3[C@@H]([C@H]4[C@@]([C@@]5(OC(O[C@@H]5C4)(C)C)C(=O)CO)(C[C@H]3O)C)C1)(C=CC(=O)C2)C,0.1595744680851064,11112899
O1CO[C@@]23[C@]14[C@H]5[C@]6([C@]7(O)[C@H]2[C@H](OC)[C@@H](C7)[C@@H](C3)OC)[C@@H](OC)CC[C@]([C@H]6[C@@H]4OC(=O)C)(CN5CC)C,0.1595744680851064,11112908
O1CO[C@@]23[C@@]14[C@H]5[C@]6([C@@H]7[C@H]2[C@H](OC)[C@@H](C7)[C@@H](C3)OC)[C@@H](OC)CC[C@@]([C@@H]6[C@H]4O)(CN5CC)COC,0.1595744680851064,11112916
s1c([C@]2(NCC)C(=O)CCCC2)ccc1,0.23943661971830985,11112920
O1C(=O)[C@H]([C@@H](Cc2n(cnc2)C)C1)CC,0.20967741935483872,11113352
Brc1c2nccnc2ccc1NC3=NCCN3,0.171875,11113354
Clc1cc2N(C(=O)COc2c(C(=O)N[C@H]3C4CCN(C3)CC4)c1)C,0.21621621621621623,11113474
o1c(C[N+](C)(C)C)ccc1C,0.1864406779661017,11113582
O(C(=O)C(N)(CCCNC(NN(=O)=O)=N)[H])C,0.23728813559322035,11113631
s1c(c(nc1N)C)CCN,0.21052631578947367,11113633
Clc1ncc([C@H]2[C@H]3N[C@@H](C2)CC3)cc1,0.1836734693877551,11113644
O[C@@]1([C@]2([C@H]([C@@H]3[C@H]([C@@]4(C(CC3)=Cc5oncc5C4)C)CC2)CC1)C)C#C,0.1511627906976744,11113646
n1c(C2=NCCN2)cnc3c1cccc3,0.23809523809523808,11113665
O1c2c3[C@]45[C@@](O)([C@@H](N(CC4)CC6CC6)Cc3ccc2O)Cc7c(n(c8c7cccc8)Cc9ccccc9)[C@@H]51,0.2087912087912088,11113685
O[C@@H]1[C@@H]2N(C[C@@H]([C@@H]1O)O)CC[C@@H]2O,0.1509433962264151,11113687
O=N=1C(C(N(O)C1c2ccc(cc2)C([O-])=O)(C)C)(C)C,0.2127659574468085,11113695
O(c1c2c([C@@H]([C@H](N(CCC)CCC)CC2)C)ccc1)C,0.23076923076923078,11113697
Clc1cc(CC(=O)N(C)[C@@H](c2cc(N=C=S)ccc2)CN3CCCC3)ccc1Cl,0.21951219512195122,11113709
I/C=C\CN(CCC)[C@H]1Cc2c(CC1)cccc2O,0.21875,11113711
Clc1c2c(CN(C3=NCCN3)C2)ccc1,0.19642857142857142,11113762
O1c2c3[C@@]45[C@](O)([C@H](N(CC4)CC6CC6)Cc3ccc2O)C/C(/C(=O)[C@H]51)=C/c7ccccc7,0.18666666666666668,11113771
Clc1nc(N2CCNCC2)cnc1,0.2222222222222222,11113807
Clc1c(Cl)ccc(c1)CCN(CCN(C)C)C,0.23404255319148937,11113817
Clc1cc2n(cnc2c(C(=O)N[C@@H]3C4CCN(C3)CC4)c1)C(C)C,0.21621621621621623,11113856
P(=O)(O)(O)C[C@@H]1C[C@H]2[C@@H](CC1)CN[C@@H](C2)C(=O)O,0.21739130434782608,11113858
S(=O)(=O)(N)c1c2c(c3nc([O-])c([O-])nc3cc2N(=O)=O)ccc1,0.24074074074074073,11113877
[O-]c1nc2c(nc1[O-])cc(c(N(=O)=O)c2)C#N,0.23404255319148937,11113878
S(=O)(=O)(Nc1c2c([C@H](C3=NCCN3)CCC2)ccc1O)C,0.22857142857142856,11113884
N[C@H]1[C@@H]([C@@H]2C[C@H]1CC2)C(C)C,0.1702127659574468,11113897
P(=O)(O)(O)c1cc2c([C@](N)(CC2)C(=O)O)cc1,0.22413793103448276,11113898
O(c1cc2C(=NNC(=O)Cc2cc1OC)c3ccc(N)cc3)C,0.24193548387096775,11113904
Clc1cc([C@@H](NC[C@@H](CP(=O)(O)CC2CCCCC2)O)C)ccc1Cl,0.24358974358974358,11113905
n1c(C2=NCCN2)cc3c(c1)cccc3,0.22950819672131148,11113907
O1[C@]2([C@](O)([C@@]3([C@@H]([C@@H]([C@@H]2OC(=O)C)O)C(CC[C@@H]3O)(C)C)C)C(=O)C[C@@]1(C=C)C)C,0.18181818181818182,11113912
N1([C@@H](c2c(C1)cccc2)C)CC3=NCCN3,0.22033898305084745,11113940
O=C(O)[C@@]1(N)C[C@H](NC1)C(=O)O,0.24324324324324326,11113958
Clc1cc2S(=O)(=O)N[C@@H](Nc2cc1)C,0.23214285714285715,11113968
O(c1c2c(ncc(c2)-c3ccncc3)cc(OC)c1)C,0.24193548387096775,11113971
O[C@H]1[C@@H]2[C@H](C[C@@H](C2)O)C=CCCC[C@@H](OC(=O)C=C1)C,0.18055555555555555,11113979
o1c2c3[C@@](C4=C(C2=O)[C@@H]5[C@](C[C@H]4OC(=O)C)(C(=O)CC5)C)([C@H](OC(=O)c3c1)COC)C,0.18478260869565216,11113980
O(C(=O)C)[C@H]1[C@@]23[C@H]([C@H](O)C([C@H]([C@H]2[C@H](NC3=O)Cc4ccccc4)C)=C)C=CC[C@@H](C(=O)[C@](C=C1)(O)C)C,0.21052631578947367,11113981
O1[C@@]2(O[C@@H]([C@@H](CC2)C)Cc3oc4c(n3)c(c(NC)cc4)C(=O)O)[C@@H](C[C@H]([C@H]1[C@@H](C(=O)c5[nH]ccc5)C)C)C,0.20481927710843373,11113982
P(=O)(O)(C(OCC)OCC)CCCN,0.19047619047619047,11113992
P(=O)(O)(CC1CCCCC1)CCCN,0.17307692307692307,11113994
O[C@@H]1[C@H](O)[C@@H](O)CN[C@@H]1CO,0.16666666666666666,11114003
O[C@@H]1[C@H](O)[C@H](O)CN[C@@H]1CO,0.16666666666666666,11114004
S1[C@@H](C(=O)NC1=O)Cc2ccc(OCC3(CCCCC3)C)cc2,0.23943661971830985,11114023
O(c1nc2c(C3=CCNCC3)c[nH]c2cc1)CCC,0.19767441860465115,11114027
Clc1ncc(C=2[C@H]3N[C@H](CC3)CCC2)cc1,0.17307692307692307,11114039
Ic1cc2/C(/C(=O)Nc2cc1)=C/c3cc(Br)c(O)c(Br)c3,0.20754716981132076,11114054
O1C2=C([C@H](C3C(=O)CC(CC3=O)(C)C)c4c1cccc4)C(=O)CC(C2)(C)C,0.21153846153846154,11114055
n1(nc(c2c1ncnc2N)-c3ccc(cc3)C)CC(C)(C)C,0.2459016393442623,11114062
Clc1ccc(-c2nn(c3ncnc(N)c32)CC(C)(C)C)cc1,0.24193548387096775,11114069
O1c2c3[C@]45[C@@](O)([C@@H](N(CC4)CC(=C)C)Cc3ccc2O)Cc6c([nH]c7c6cccc7)[C@@H]51,0.19767441860465115,11114071
S(=O)(=O)(N(C)[C@@H]1c2c(OC([C@H]1O)(C)C)ccc(c2)C#N)CC,0.208955223880597,11114072
O([C@@H]1c2c(c(O)c3c(c2O)C(=O)c4c(C3=O)cccc4OC)C[C@](O)(C1)C(=O)C)[C@@H]5O[C@H]([C@H]([C@H](C5)N)O)C,0.19811320754716982,11114094
O(C(=O)[C@H](CCO)C)[C@@H]1[C@@H]2[C@H]([C@H](C=CC2=C[C@@H](C1)C)C)CC[C@H]3OC(=O)C[C@@H](C3)O,0.18604651162790697,11114125
Clc1cc(Nc2nc(nc3n(cnc32)C(C)C)N[C@H](C(C)C)CO)ccc1C(=O)O,0.24691358024691357,11114141
Clc1cc([C@@H]2c3c([C@H](NC)C2)cccc3)ccc1Cl,0.22388059701492538,11114144
O1[C@]2([C@](O)([C@@]3([C@@H]([C@@H]([C@@H]2OC(=O)C)OC(=O)CCN(C)C)C(CC[C@@H]3O)(C)C)C)C(=O)C[C@@]1(C=C)C)C,0.1588785046728972,11114148
O=C(N(CC)CC)c1ccc([C@@H](N2[C@H](CN([C@@H](C2)C)CC=C)C)c3cc(O)ccc3)cc1,0.23655913978494625,11114171
S(=O)(c1nn2nnnc2cc1)c3ccccc3,0.21212121212121213,11114213
OC1(C2(C(C3C(c4c(CC3)cc(O)c(OC)c4)CC2)CC1)C)[H],0.21666666666666667,11114221
Clc1cc2n(ccc2cc1F)C[C@H](N)C,0.1864406779661017,11114232
S(=O)(=O)(N1C(=O)[C@H]([C@@H]2N(CC[C@@H]21)C(=O)/C=C\CN3CCCCC3)C(C)C)C,0.21739130434782608,11114247
O(C(=O)C(CC)(C)C)[C@H]1[C@@H]2[C@H]([C@H](C=CC2=C[C@@H](C1)C)C)CC[C@H]3OC(=O)C[C@@H](C3)O,0.1927710843373494,11114253
O(c1ccc(-c2n(nc(c2C)-c3ccc(O)cc3)-c4ccc(O)cc4)cc1)CCN5CCCCC5,0.22580645161290322,11114257
s1c2c(-n3c(c(nc3)C(OC(C)(C)C)=O)CN(C2=O)C)cc1,0.21621621621621623,11114258
S(c1nc(NC2CCCC2)c(N(=O)=O)c(n1)NC3CCCC3)C,0.18181818181818182,11114261
O[C@@]12[C@@]([C@]3(c4[nH]c5c(c4C[C@@H]3CC1)cccc5)C)(CC[C@@H]6C2=CC(=O)[C@H](O6)C(O)(C)C)C,0.20212765957446807,11114263
S(C(=O)[C@]1([C@@]2([C@@H]([C@H]3[C@](F)([C@@]4(C([C@H](C3)F)=CC(=O)C=C4)C)[C@@H](O)C2)C[C@H]1C)C)CC(=O)CO)CF,0.15730337078651685,11114264
s1c2c(ncnc2N(CC)CC)c3c1nc(cc3C)C,0.21428571428571427,14722168
Oc1nc2c(cc1C(N(Cc3occc3)CC4OCCC4)c5n(nnn5)C(C)(C)C)cc(c(c2)C)C,0.2247191011235955,14722468
O1C(CC(n2nc(c3c2nc(O)cc3C)C)CC1)(C)C,0.24074074074074073,14722901
S1C(N)=C(C(C(=C1N)C#N)c2cc(O)ccc2)C#N,0.19607843137254902,14723140
Oc1c(C(N2N=C(CC2(C)C)C)C#N)cccc1OC,0.234375,14723193
O=C1N(CC(=O)N(C1c2ccc(N(C)C)cc2)c3c(cccc3)C)C(C)(C)C,0.20634920634920634,14723747
O=C1c2c(nc(nc2)N)CC(C1)(C)C,0.21568627450980393,14723934
o1nc(c\2c1CCC/C2=N/O)CCC,0.17307692307692307,14723964
FC(F)(C(F)(F)C(F)(F)C(F)F)C(F)(F)C(F)(F)COc1nc(nc(c1)C)N,0.208955223880597,14724023
FC(F)(C(F)(F)C(F)F)C(F)(F)COc1nc(nc(c1)C)N,0.2153846153846154,14724031
O(c1nc(nc(n1)NC(C)C)NC(C)C)CC,0.2,14724112
S(c1n[nH]cn1)CC2OC(=O)C(C2)CC,0.19444444444444445,14724129
S(c1nc2c(cc1C#N)CCCC2)C3C(O)CCCC3,0.2077922077922078,14725997
n1(nnnc1C(N2CCN(CC2)c3ccccc3)CC(C)C)C(C)C,0.2328767123287671,14726034
O(c1c(C(N2c3c(CCC2)cccc3)c4n(nnn4)C(C)(C)C)cccc1)C,0.2289156626506024,14726090
s1c(nnc1N(C(=O)C)C)-c2nccnc2,0.22033898305084745,14726094
S1C(Nc2nc(cc(n2)C)C)=NCC1,0.24074074074074073,14726114
s1c(c(C2C3=C(OC(N)=C2C#N)CC(CC3=O)(C)C)cc1C)C,0.20454545454545456,14726321
s1c(c(C2c3c(OC(N)=C2C#N)[nH]nc3C)cc1C)C,0.16071428571428573,14726339
O1CCN(c2nc(nc(n2)C#N)N(C)C)CC1,0.2222222222222222,14726350
Clc1c(Cn2nnc3c2nc(nc3N4CCC5(OCCO5)CC4)CC)cccc1,0.2222222222222222,14726371
O(c1nc(nc(n1)NCC)NCCC)C,0.21428571428571427,14726445
S(c1oc(nn1)C2CCCCC2)CC(=O)N(CC)CC,0.2222222222222222,14727107
s1c2c(c(c1NC(=O)C(C)(C)C)C(OC)=O)C(CC2)C(OC)=O,0.24390243902439024,14727173
S(c1n(nnn1)-c2ccccc2)C3C(OCC3)=O,0.24675324675324675,14727222
s1c(nnc1N)C(c2ccccc2)c3ccccc3,0.23684210526315788,14727246
n1(c2c(nc1)cccc2)-c3ccc(-c4nc(ncc4)-c5ncccc5)cc3,0.22058823529411764,14729201
Clc1c(Sc2n(c(cn2)C(=O)N)C)ncc(C(F)(F)F)c1,0.2318840579710145,14729233
O1CCNCCNCCNCC1,0.14705882352941177,14729662
s1c2nc(N3CCOCC3)c4c(c2c5ncnc(NCC(C)C)c15)CC(OC4)(C)C,0.2,14730533
S(c1nc(c2c(n1)CCC(C2)C)C(F)(F)F)C,0.21212121212121213,14731040
S(C1C(=O)N(C(=O)C1)c2ccc(N(=O)=O)cc2)c3nc4c(c(n3)C)CCCC4,0.2345679012345679,14731390
s1c(C2C3=C(N(C(N)=C2C#N)c4ccc(F)cc4)CC(CC3=O)(C)C)ccc1,0.21428571428571427,14731968
Clc1c(nn(c1)C)-c2n(c(S)nn2)CC(C)C,0.2,14732667
O1C2(NC(C1)(CO)CO)CCN(CC2)CC,0.19672131147540983,14732878
Clc1cc2N(O)N(C(=O)Nc2cc1Cl)c3cc(Cl)c(Cl)cc3,0.24489795918367346,14734157
s1c(NC(=O)C23OC(=O)C(C2(C)C)(CC3)C)ncc1N(=O)=O,0.23529411764705882,14734376
Sc1ncnc2c1n3c(c2C#N)CCCCC3,0.1875,14734578
O=C1N(C(=O)CC1n2c3c(nc2)cc(c(c3)C)C)C,0.19402985074626866,14734950
Fc1ccc(N2C(=O)C(N3CC=C(CC3)c4ccc(F)cc4)CC2=O)cc1,0.22388059701492538,14735082
S=C1NCCOCCOCCOCCN1,0.14,14735103
O=n1c\2c(n(c1-c3ccccc3)C)CCC/C2=N\O,0.22448979591836735,14735756
S=C1N(NC2(N1)CCC(CC2)C(C)(C)C)CC(OCC)=O,0.23809523809523808,14736435
Oc1nc(nc(N2CCCCCC2)n1)N3CCCCCC3,0.17073170731707318,14736895
FC(F)(F)COc1nc(nc(n1)NC)NCCOC23CC4CC(C2)CC(C3)C4,0.16216216216216217,14737246
Clc1c(COc2ccc(C3C4=C(OC(N)=C3C#N)CC(CC4=O)c5occc5)cc2)c(F)ccc1,0.2391304347826087,14737247
Fc1ccc(N2/C(/C(=O)C(=C2C)C(OC)=O)=C/c3oc(cc3)CNC(=O)C(OCC)=O)cc1,0.23170731707317074,14737254
O1C23OC(C(C(C2CCCC3)(C1=N)C#N)(C#N)C#N)CC,0.14102564102564102,14737260
P(=O)(c1ccccc1)(c2ccccc2)Cc3ccn(=O)cc3,0.23076923076923078,14737406
Brc1ccc(C2NC(S)=NC3=C2N4CCC3CC4)cc1,0.16455696202531644,14737452
O(c1nc(-n2nnc(c2)-c3ccccc3)nc(N4CCCCC4)n1)CC,0.23076923076923078,14738196
O(c1nc(-n2nnc(c2C)C(=O)C)nc(n1)N(CCCC)CCCC)C,0.20689655172413793,14738197
OC12N(=O)=C(C(=N(=O)C1(CCCC2)C)C)C,0.15789473684210525,14738657
o1c(/C=C\2/C(=NN(C2=O)c3ccccc3)c4ccccc4)ccc1-c5c(N(=O)=O)cc(OC)cc5,0.23376623376623376,14738820
n12c(-n3c4c(nc3)cccc4)c5c(c(c1nc6c2cccc6)C#N)CCC5,0.21875,14739266
Fc1ccc(CCN2C(=O)NC(=O)CC2=O)cc1,0.2463768115942029,14739633
Brc1cc2C3(C4=C(NC3=O)CC(CC4=O)(C)C)C(=C(Oc2cc1)N)C(OC(C)(C)C)=O,0.18604651162790697,14739744
S=C(N1CCCCCC1)c2ccc(O)cc2,0.24489795918367346,14739749
FC(F)(F)C1(NC(=O)C2CCCCC2)C(=C(NC1=O)C)C#N,0.24193548387096775,14739948
S=C1N(C(=O)C(C(=O)N1C)=Cc2oc(N3CCCCC3)cc2)C,0.22033898305084745,14740282
s1c(C(=O)n2nc(cc2C)C)cc3c1CCCC3,0.24074074074074073,14740676
O=C1N(C(=O)[C@H]2C1C3C4[C@H](C2C=C3)C(=O)N(C4=O)C5CCCCC5)C6CCCCC6,0.24489795918367346,14740734
Clc1ccc(C2N(C(=S)N3N2CCC3)c4ccccc4)cc1,0.21428571428571427,14740735
Brc1c(NC(=O)C23C(C(/C(=N/O)/C2)(CC3)C)(C)C)cccc1,0.2153846153846154,14740769
S=C1N(c2c(ccc(c2)C)C)CN(CN1)CC,0.22535211267605634,14740775
O=C1c2c(nc(nc2)N)CC(C1)C,0.20454545454545456,14740815
O=C(NC1C2C(CC(C2)C1)CC)C,0.21153846153846154,14740839
O1c2c(CNC(=O)C1)cccc2,0.23809523809523808,14740846
s1c2nc(nc(NCC(O)C)c2c3c1COC(C3)(C)C)-n4nc(cc4C)C,0.2112676056338028,14741026
s1c2nc(nc(NCC(O)CC)c2c3c1COC(C3)(C)C)-n4nc(cc4C)C,0.22077922077922077,14741027
S1(=O)(=O)CC2N(/C(/SC2C1)=N/C(=O)CC)CC=C,0.16129032258064516,14741057
S(c1oc(nn1)-c2ccc(O)cc2)C3C(OCC3)=O,0.18840579710144928,14741062
S1/C(/C(=O)N(C1=O)Cc2ccc(F)cc2)=C/c3oc(N4CCOCC4)cc3,0.23943661971830985,14741197
S(Sc1ccc(N(CC)CC)cc1)(=O)(=O)O,0.2222222222222222,14741260
S1C(N=Nc2c3c(n(c2O)CC)ccc(c3)CC)=NC(=O)C1,0.19696969696969696,14741373
Oc1cc(C2N3C(=Nc4n(nc(c24)C)-c5ccccc5)C(=Nc6c3cccc6)Nc7ccccc7)ccc1O,0.23255813953488372,14741449
Clc1cnc(NC2(C(=C(NC2=O)C)C#N)C(F)(F)F)cc1,0.22058823529411764,14741577
n12c(-n3c(ncc3)C)c(c(c(c1nc4c2cccc4)C#N)C)CCC(C)C,0.2125,14741593
s1c2nc(c3c(c2c4ncnc(SCC)c14)CC(OC3)(C)C)-c5occc5,0.1927710843373494,14741603
S1C(Cc2c(c(nc(O)c2C#N)C)C1)(C)C,0.22413793103448276,14741628
O1C(CC(C1=O)CCCCCC)(/C(=N/NC(=O)N)/C)C,0.20512820512820512,14741650
Brc1ccc(C2n3ncnc3NC4=C2C(Oc5c4cc(Cl)cc5)c6ccncc6)cc1,0.1919191919191919,14741663
O1c2c(C(c3cc(OC)c(OC)c(OC)c3)C(=C1N)C#N)ccc(O)c2,0.24193548387096775,14741693
O1c2n[nH]c(c2C(C(=C1N)C#N)c3oc(cc3)C)-c4cc(OC)ccc4,0.24390243902439024,14742100
Clc1ccc(N2C(=O)N(C(C=C2C)(C)C)C)cc1,0.23214285714285715,14742136
n12ncnc1NC\3=C(C2c4ccccc4)CCC/C3=C\c5ccccc5,0.18032786885245902,14742207
Fc1c([C@H]2C(C(N)=C(C=3[C@@H]2C4N(C(C3)CC4)C)C#N)(C#N)C#N)c(F)ccc1,0.17142857142857143,14742220
O=C1N(C(C(N1C)N(O)C(=O)NC)(C)C)CCCCCCCC,0.19402985074626866,14742252
Clc1cc(S(=O)(=O)N2c3nc4c(nc3N(C2)CCCOC(C)C)cccc4)ccc1,0.23958333333333334,14742346
S1C=2N(c3c1cccc3)C(N)=C(C(C2C#N)c4ccc(cc4)C(C)C)C#N,0.24193548387096775,14742376
O=C1C(C(C=2C(=O)CC(CC2O)(C)C)C#Cc3ccccc3)=C(O)CC(C1)(C)C,0.23943661971830985,14742441
O=C1c2c(nc3n(ncn3)c2)CC(C1)(C)C,0.21818181818181817,14742721
o1c2c(c3c1CCCC3)cc(O)cc2,0.2,14742739
O=C1c2c(nc(N3CCN(CC3)CC)nc2C)CCC1,0.19480519480519481,14742835
Fc1cc2c(N(CC(=O)N3Cc4c5c([nH]c4CC3)ccc(c5)C)C(CC2)C)cc1,0.23170731707317074,14742908
o1c2nc(c3c(c2c4ncnc(OCC)c14)CC(OC3)(C)C)CC(C)C,0.16666666666666666,14743013
S1c2n(N=C(c3ccc(OCC)cc3)C1)c(nn2)-c4occc4,0.24324324324324326,14743138
FC(F)(F)C1(NC(=O)N(C1=O)C2CCCCC2)NC(=O)C,0.2077922077922078,14743312
FC(F)(F)C1(NC(=O)C(C)(C)C)C(=C(NC1=O)C)C#N,0.2222222222222222,14743316
S1C2C(C(c3sc(O)nc13)c4ccccc4)C(=O)N(C2=O)c5ccccc5,0.21621621621621623,14743381
Brc1ccc(C2Nc3sc4c(c3C(=O)N2)CCC4)cc1,0.21951219512195122,14743494
s1c(C2c3c(OC(N)=C2C#N)n(nc3CCC)-c4ccccc4)ccc1,0.21428571428571427,14743565
FC(F)(F)c1ccc(-c2oc(O)c(n2)/C=C/3\c4c(N=C3C)cccc4)cc1,0.23076923076923078,14744491
Clc1cn2c(nc(c2)CSC(C(=O)O)C)cc1,0.24285714285714285,14744507
Clc1c(S(=O)(=O)NCC(C)C)cc(C(=O)N2CC(OC(C2)C)C)c(Cl)c1,0.22388059701492538,14744594
Clc1ccc(-c2nn(cc2C3NC(S)=NC(=C3C(=O)N(CC)CC)C)-c4ccccc4)cc1,0.24705882352941178,14744659
S(=O)(=O)(c1cc(N(=O)=O)c(N(CC(=O)NC2CS(=O)(=O)CC2)CC)cc1)C,0.22972972972972974,14744698
s1c2ncnc(OCC(=O)NC(C)C)c2c(c1C)C,0.24193548387096775,14744949
s1c(cc2c1CCCCCC2)C(=O)NN,0.21518987341772153,14745001
S1c2n(N=C(c3ccc(F)cc3)C1)c(nn2)Cc4c(F)cccc4,0.23076923076923078,14745147
O=C1N(C(=O)NC12CCCCCC2)CC(=O)N3CC(OC(C3)C)C,0.2153846153846154,14745269
s1cc(nc1C)-c2c(noc2-c3c(O)cc(O)cc3)C(F)(F)F,0.225,14745389
O=C1N(c2nc(N)c3c(c2C1)c(c(nc3N)N(CCO)C)C#N)C4CCCC4,0.17647058823529413,14745522
O/C(=C(\c1n2c(nn1)CCCCC2)/C#N)/CC,0.17647058823529413,14745938
Clc1c(NP(=O)(c2sc3c(n2)CCCC3)c4ccccc4)c(Cl)ccc1,0.24242424242424243,14746028
OCCCCC#Cc1c(N)cccc1,0.20454545454545456,17385005
P(=O)(N1C(C2(CC(O)(C1)c3ccccc3)CC2)C)(c4ccccc4)c5ccccc5,0.23809523809523808,17385020
O(C(=O)C1(NCC=2C(C(C(=O)C2C)C)=C1)C)C,0.23076923076923078,17385299
O1C(OCc2ccc(OC)cc2)[C@]3([C@]4([C@](N(CC5=C4C(C(C([C@H]5C)CO)CO)CC3)C(OC(C)(C)C)=O)(C1)C)[H])[H],0.21839080459770116,17385302
FC(F)(F)c1c(COC2OC[C@]3(N(CC4=C5[C@]3([C@]2(CCC5C(C([C@H]4C)COC)COC)[H])[H])C(OC(C)(C)C)=O)C)ccc(F)c1,0.1836734693877551,17385303
FC(F)(F)c1c(COC2OC[C@]3(N(CC4=C5[C@]3([C@]2(CCC5C(C([C@H]4C)CO)CO)[H])[H])C(OC(C)(C)C)=O)C)ccc(F)c1,0.18627450980392157,17385309
O(C(=O)C1(NCC=2C(C(C(=O)C2C)C)=C1)CCC)C,0.22058823529411764,17385316
O(C(=O)C1(NCC=2C(=C1)C(C(=O)C2C)C)CC(C)C)C,0.2112676056338028,17385317
FC(F)(F)c1c(COC2OC[C@]3(N(CC4=C5[C@]3([C@]2(CCC5C6C([C@H]4C)COC(OC6)=O)[H])[H])C(OC(C)(C)C)=O)C)ccc(F)c1,0.20388349514563106,17385319
FC(F)(F)c1ccc(CC23N(C(=O)N(C2=O)CCc4ccccc4)CC=5C(C(C(=O)C5c6ccccc6)(C)C)=C3)cc1,0.2261904761904762,17385320
O=C1C(=C2C(C1C)=CC(NC2)(C(OC)=O)CCC)C(C)C,0.2159090909090909,17385323
FC(F)(F)c1ccc(C[C@]23N(CC=4[C@@]2(C(C(=O)C4c5ccccc5)=C(C)C)[H])C(=O)N(C3=O)CCc6ccccc6)cc1,0.24175824175824176,17385327
FC(F)(F)c1c(COC2OC[C@]3(N(CC4=C5[C@]3([C@]2(CCC5C6C([C@H]4CC)COC(OC6)=O)[H])[H])C(OC(C)(C)C)=O)C)ccc(F)c1,0.20952380952380953,17385331
O=C1N(C(=O)N2[C@]1([C@@]3(C(=C(C(=O)C3=C(C)C)c4ccccc4)C2)[H])C)CCc5ccccc5,0.24,17385332
O1C[C@@]2(N(CC3=C4[C@@H]2[C@@H]([C@H]1OC)CC[C@@H]4[C@H]([C@H]([C@H]3C)CO)CO)C(OC(C)(C)C)=O)C,0.18055555555555555,17385335
O1C(OC)[C@]2([C@]3([C@](N(CC4=C3C(C(C([C@H]4CC)CO)CO)CC2)C(OC(C)(C)C)=O)(C1)C)[H])[H],0.17333333333333334,17385340
O1C(OCc2ccc(OC)cc2)[C@]3([C@]4([C@](N(CC5=C4C(C(C([C@H]5C)COC)COC)CC3)C(OC(C)(C)C)=O)(C1)C)[H])[H],0.21782178217821782,17385341
O=C1N(C(=O)N2C1(C=C3C(=C(C(=O)C3(C)C)c4ccccc4)C2)Cc5ccccc5)CCc6ccccc6,0.21739130434782608,17385342
S1/C(/C(=O)N(C1=O)Cc2c(cccc2)C#N)=C/c3n(-c4cc(ccc4)C(=O)O)ccc3,0.23529411764705882,17385806
Clc1c(O)c(OCC)cc(/C=C\2/C(=O)/C(=C/c3cc(OCC)c(O)c(Cl)c3)/CCC2)c1,0.24615384615384617,17386002
Brc1cc2c3c(C(=O)N(C2=O)c4c(ccc(c4)C(=O)O)C)cccc3c1,0.24561403508771928,17386161
Fc1c(C(C2C(=O)CC(CC2=O)(C)C)C3C(=O)CC(CC3=O)(C)C)cccc1,0.24489795918367346,17386992
S(C1C(=O)N(C(=O)C1)c2ccc(cc2)C(C)C)c3oc4c(n3)cccc4,0.20481927710843373,17387468
O=C\1NN(C(=N)/C1=N/Nc2ccc(cc2)C)c3ccccc3,0.24615384615384617,17387488
S=C1N(C(=O)C(N1)C(CC)C)C2CCCCC2,0.23728813559322035,17387543
BrC1(Br)C(C1)(C(=O)NC(C(C)(C)C)C)C,0.23529411764705882,17387626
Brc1cc2ncccc2cc1,0.24390243902439024,17387627
S(c1nn2c(n1)nc(cc2C)C)Cc3oc(SCCC)nn3,0.2222222222222222,17387660
s1c(-c2c3c(nc(N)c2C#N)CCCC3)ccc1C(C)(C)C,0.21212121212121213,17387700
S(c1nc(nc(N2CCCC2)c1)-c3ccc(F)cc3)C(C)C,0.24615384615384617,17387816
O=C(N1C2N(C3N(C4N(C2N(C4N(C13)C(=O)CC)C(=O)CC)C(=O)CC)C(=O)CC)C(=O)CC)CC,0.23076923076923078,17387834
O=C(N1C2N(C3N(C4N(C2N(C4N(C13)C(=O)C)C(=O)C)C(=O)C)C(=O)C)C(=O)C)C,0.175,17387848
S(c1nn2c(n1)nc(cc2C)C)Cc3oc(SC(CC)C)nn3,0.21518987341772153,17387899
O1C2=C(C(c3c(nn(c3)-c4ccccc4)-c5ccc(cc5)C(C)C)C(=C1N)C#N)C(=O)CC(C2)(C)C,0.17525773195876287,17387920
S1C=2N(N=C1CCCC)C(=N)CC(=O)N2,0.16455696202531644,17387973
Clc1ccc(Sc2oc(/C=C/3\S/C(/N(C3=O)C)=N\C)cc2)cc1,0.24615384615384617,17387989
S\1c2n(c3c(n2)cccc3)C/C1=C/C#CCCCC,0.23943661971830985,17388020
O=C1C=2C(C(=C(N(Nc3ccccc3)C2CC(C1)(C)C)N)C#N)c4cc(c(OC)cc4)C,0.23170731707317074,17401127
Clc1cc(C(=O)NN=C2C3CC4CC2CC(C3)C4)c(O)cc1,0.2459016393442623,17401153
Clc1cc(NCc2c(F)cccc2)cc(Cl)c1,0.23214285714285715,17401158
n1c2c(c(-c3c(n(nc3)C)C)c(c1N)C#N)CCCCCC2,0.20270270270270271,17401166
N1(C2C3CC4CC2CC(C3)C4)CCN(CCC1)C,0.24,17401189
BrC1(Br)C(C1)(C(=O)NCCCNC(=O)C2(C(Br)(Br)C2)C)C,0.2,17401201
s1c(N2C3=C(C(C(=C2N)C#N)c4cc(OC)c(OC)c(OC)c4)C(=O)CC(C3)(C)C)c(c5c1CCCC5)C#N,0.19626168224299065,17401311
O=N(=O)c1cc(c(nc1)NCC(O)CO)C#N,0.23809523809523808,17401325
O1C2=C(C(c3c(N(=O)=O)c(OC)c(OC)cc3)C(=C1N)C#N)C(=O)CC(C2)(C)C,0.23404255319148937,17401401
O=C1N(C(=O)c2c3c4c(ccc31)CCc4cc2)c5ccc(cc5)CC,0.22,17401424
Fc1cc(COc2c(OC)cc(C3C4=C(N(Nc5ccccc5)C(N)=C3C#N)CC(CC4=O)(C)C)cc2)ccc1,0.23333333333333334,17401472
s1cc(C2c3c([nH]nc3OC(N)=C2C#N)-c4cc(OC)ccc4)cc1,0.2413793103448276,17401531
Oc1nc(nnc1C)N/N=C(/C(=O)O)\C,0.24074074074074073,17401953
o1nc(-c2cc(OCC)c(OCC)c(OCC)c2)c(c1N)C#N,0.22972972972972974,17401963
Brc1cc2nc(O)c(nc2nc1)/C=C(\O)/c3ccc(F)cc3,0.23809523809523808,17402000
Clc1c(Sc2nc(ncc2OC)-c3ncccc3)c(Cl)ccc1,0.225,17402223
Clc1c2c(c(Oc3nc(ncc3OC)-c4ncccc4)cc1)cccc2,0.21739130434782608,17402227
O(c1nn[nH]n1)c2cc(cc(c2)C)C,0.21052631578947367,17402254
Clc1ccc(-c2cc(c(Sc3ccc(F)cc3)nc2)C#N)cc1,0.2463768115942029,17402334
S(c1c(cccc1)C#N)c2c(N)cccc2,0.23076923076923078,17402392
O1C(CN(c2nc(nnc2C)-c3ccc(cc3)C)CC1C)C,0.2191780821917808,17402397
Clc1ccc(-c2oc(nn2)-c3c(S(=O)(=O)Cc4ccc(Cl)cc4)cccc3)cc1,0.24242424242424243,17402424
S(CC1N2C(Nc3c(C2=O)cccc3)=NC1)c4ccc(F)cc4,0.23728813559322035,17402673
Clc1cc(-n2nnc(c2)C(=O)c3ccc(cc3)C)ccc1F,0.24285714285714285,17402838
Fc1c(Nn2c(N)c3-c(nc2)nnc3)cccc1,0.2033898305084746,17403059
s1c(-c2c3c(nc(N)c2C#N)CCCCCC3)cc(N(=O)=O)c1CC,0.2191780821917808,17403168
s1c2c(c3c1ncnc3NNC(=S)NCC=C)CC(OC2)(C)C,0.2112676056338028,17403268
O=N(=O)c1c(N2CCCCC2)cc(N3CCCCC3)c(/C=C(/c4nn(c(N)c4C#N)-c5ccccc5)\C#N)c1,0.22826086956521738,17403296
s1c(nc(-c2ccc(cc2)CCCC)c1)/C(=C/c3oc(cc3)C)/C#N,0.24390243902439024,17403417
s1c(C(N(C(=O)c2nnsc2)c3ccc(cc3)C)C(=O)NC(C)(C)C)ccc1,0.21794871794871795,17403679
Clc1ccc(-c2nnc(nc2N(C)C)C(C)C)cc1,0.22807017543859648,17406647
Clc1c(C2C=3C(=NC(SC)=C2C#N)c4c(C3O)cccc4)cccc1,0.19736842105263158,17406673
S(c1cn2c(nc(c2)-c3ccc(cc3)C#N)cc1)CCCC,0.24050632911392406,17406708
FC(F)(F)C1(C2=C(N(C(N)=C1C#N)c3c(F)cccc3)CCCC2)C(F)(F)F,0.1951219512195122,17406709
Clc1c(n(nc1CC)C)-c2n(N)c(S)nn2,0.18461538461538463,17406716
O1C(=O)C2C(O)(C3C2CCCCC3)c4c1cccc4,0.21311475409836064,17406724
S(c1n(cnc1N(=O)=O)C)c2ccc(cc2)C,0.23076923076923078,17406756
O=C(NCc1c(nn(c1)C)C)/C=C/c2c(n(nc2)CC)C,0.24242424242424243,17406764
FC(F)(F)C1(NC(=O)C2CC2)C3=C(N(C1=O)CCCC)CC(CC3=O)(C)C,0.2054794520547945,17406795
s1c(C(=O)N2N=C\3C(C2c4ccccc4)CCC/C3=C\c5ccccc5)c(nc1)C,0.21794871794871795,17406866
S1c2n(N=C(c3ccc(cc3)-c4ccccc4)C1)c(nn2)Cn5nnc6c5cccc6,0.21621621621621623,17406891
s1c2N3C4=C(C(C(=C3N=C(N)c2c5c1CCCCC5)C#N)c6c(cccc6)C)C(=O)CC(C4)(C)C,0.21100917431192662,17406912
FC(F)(F)C1(NC(=O)CC(C)C)C2=C(N(C1=O)CCCC)CC(CC2=O)(C)C,0.1951219512195122,17406923
O=N(=O)c1nc(n[nH]1)-c2cc(ccc2)C,0.2459016393442623,17406963
Brc1ccc(-c2nnc(nc2N3CCSCC3)-c4ccc(Cl)cc4)cc1,0.18666666666666668,17406985
Clc1c(N=Nc2c(n[nH]c2C)C)cc(Cl)cc1,0.23333333333333334,17407226
O1C2C3OC(OC3OC(C2OC1(C)C)C(=O)Nc4ccc(OCCC(C)C)cc4)(C)C,0.2465753424657534,17407520
n1c(nc(nc1NCC)NCC)N(N)C,0.21428571428571427,17407584
s1c(C(N(c2cc(cc(c2)C)C)C(=O)c3nnsc3)C(=O)NC(C)(C)C)ccc1,0.23076923076923078,17407819
Clc1nc2c(cc1C3C(=C(OC(N)=C3C#N)C)C(=O)C)cccc2C,0.23376623376623376,17407869
s1c(CC(=O)N/N=C(/CC(=O)NC2CCCC2)\C)ccc1,0.24691358024691357,17408034
S=C1N(C(=O)C(N1)CC)C2CCCCC2,0.21818181818181817,17408176
O=N(=O)C12C(C3(N(=O)=O)CN(C4(N(C1)C3)CCCC4)C2)(C)C,0.14516129032258066,17408252
S(c1ncc(-c2nc3c([nH]2)cc(c(c3)C)C)cc1)Cc4ccc(cc4)C#N,0.24390243902439024,17408278
s1c2c([n+](c1C)CCC(S([O-])(=O)=O)C)cccc2,0.24074074074074073,17408412
S=C(N1C2CC(NC(=O)NC34CC5CC(C3)CC(C4)C5)CC1CC2)NCCOC,0.23880597014925373,17408495
Fc1cc(NC(=O)C23CC4(n5nc(nc5)N(=O)=O)CC(C2)CC(C4)C3)c(cc1)C,0.2247191011235955,17408536
S1C2(N(N=C1NC(=O)C)C(=O)C)c3c(N(C2=O)CC)ccc(c3)C,0.22988505747126436,17408580
OC(C(=O)NN1CCCCC1)(CCC)CCC,0.23076923076923078,17408682
Clc1nc(nc(n1)NC)NC(C)(C)C,0.1568627450980392,17408698
O=C(N/N=C(/CC(=O)NCC)\C)C12CC3CC(C1)CC(C2)C3,0.2033898305084746,17408719
s1c(C(C2C(=O)CC(CC2=O)(C)C)C3C(=O)CC(CC3=O)(C)C)ccc1C,0.22,17408731
Oc1[nH]nc(c1C(c2c3c(n(c2)Cc4c5c(ccc4)cccc5)cccc3)c6c(O)[nH]nc6C)C,0.2463768115942029,17408800
Clc1cc2C(CC3(Oc2cc1O)NC(=S)NC(C3)(C)C)c4sccc4,0.22727272727272727,17408821
n1(nnc2c1cccc2)CNc3nccc(c3)C,0.24615384615384617,17408828
Clc1ncnc(N2CCOCC2)c1N,0.24528301886792453,17408863
O=N(=O)c1c(N2CCC(CC2)C)cc(N3CCC(CC3)C)c(/C=C(/c4nn(c(N)c4C#N)-c5ccccc5)\C#N)c1,0.23157894736842105,17408947
s1c2c(c(-c3n(c(S)nn3)CC(C)C)c1)CCCC2,0.22807017543859648,17408957
Oc1c(C(=O)N/N=C(/Cn2nc(N(=O)=O)cc2C)\C)ccc(O)c1,0.23943661971830985,17409063
Sc1n(NCc2cc(OCC=C)ccc2)cnn1,0.22666666666666666,17409175
O1C\2=C(C(C(=C1N)C#N)c3ccccc3)CC/C2=C\c4ccccc4,0.24074074074074073,17409250
S=C1N(C(=O)/C(/C(=O)N1)=C/c2oc(cc2)CN(S(=O)(=O)C)CCC#N)c3cc(c(cc3)C)C,0.23404255319148937,17409283
O=C(N/N=C(/CC(=O)Nc1c2c(ccc1)CCCC2)\C)c3c(N)cccc3,0.2463768115942029,17409316
s1c(nc(CCN2C(=O)c3c(C2=O)cccc3)c1)/C(=C\c4cc(C(F)(F)F)ccc4)/C#N,0.2441860465116279,17409421
O=C1N(c2c(N3C1CCC3)ccc(c2)C#N)Cc4c(ccc(c4)C)C,0.24691358024691357,17409447
S(c1nc2N(c3ccc(C(F)(F)F)cc3)CCc2c(n1)C)C,0.23728813559322035,17409513
Clc1cc(-c2n(nnn2)CCC)cc(Cl)c1,0.23809523809523808,17409684
O(c1ncnc2onc(c12)C)c3c(c(ccc3)C)C,0.24561403508771928,17409734
n1(-c2c(c(ccc2)C)C#N)cccc1,0.22448979591836735,17409853
s1c2c(nc(SCC=C)nc2O)c3c1nc(cc3C)C,0.24324324324324326,17409879
Clc1ccc(CC(=O)N2[C@@H](CC3(ON=C(C3)c4cc(NC(=O)[C@H]5NC(=O)CC5)ccc4)C2)C(=O)NC6(CC6)C(=O)N)cc1,0.24271844660194175,17409902
Clc1ccc(Nc2n[nH]cn2)cc1,0.22448979591836735,17410006
Clc1cc(S(=O)(=O)NNC(=O)c2sccc2-n3cccc3)cc(Cl)c1,0.225,17410010
Clc1cc(C2C(n3ncnc3)C(=O)CC(=O)C2)ccc1,0.23076923076923078,17410029
s1c2N=C(SCC=C)N3C(=NC(=O)C3)c2cc1,0.21333333333333335,17410156
S(=O)(=O)(n1nc(cc1)-c2ccc(OCCN(c3ncccc3)C)cc2)c4c(cc(cc4C)C)C,0.21333333333333335,17410177
S(=O)(c1ccc(cc1)C)CCCS(=O)c2ccc(cc2)C,0.2391304347826087,17410309
Clc1c(Oc2nc(nc(C(F)(F)F)c2)NCC)c(Cl)ccc1,0.2459016393442623,17410384
S(c1nc(nc(C(F)(F)F)c1)NCC)c2ccc(cc2)C,0.24675324675324675,17410385
s1nc(c(N)c1C(=O)N(C(c2c3c([nH]c2)cccc3)C(=O)NCCC(C)C)c4ccc(cc4)CC)C(=O)N,0.24691358024691357,17410723
Clc1ccc(C(c2nc3c(nc2C(F)(F)F)cccc3)C#N)cc1,0.24561403508771928,17410813
n1c2n[nH]c(N)c2cc3c1cc(c(c3)C)C,0.23809523809523808,17410843
Clc1cc2[n+](c(n(c2cc1Cl)CC)C)CCCS([O-])(=O)=O,0.20634920634920634,17410877
Clc1c(ncc(c1)C(F)(F)F)C(N2CCOCC2)(c3ncccc3)C#N,0.20987654320987653,17411122
Clc1c(ncc(c1)C(F)(F)F)C(N2CCOCC2)(c3c(F)cccc3)C#N,0.2054794520547945,17411184
S(c1snnc1C)C(C(=O)O)C,0.21818181818181817,17411245
Clc1c(-n2c(nc(c2)/C(=N\O)/C)C)ncc(C(F)(F)F)c1,0.2459016393442623,17411294
Clc1c(ncc(c1)C(F)(F)F)C(N2CCOCC2)(c3ccc(Cl)cc3)C#N,0.2054794520547945,17411296
O=N(=O)c1n2c(nc1)ccc(c2)C,0.21212121212121213,17411412
Clc1cc(N2CCN(CC3N=C4N(C(=O)Nc5c4cccc5)C3)CC2)ccc1,0.23809523809523808,17411415
Clc1c(N2CCC(CC2)=CC(=O)O)ncc(C(F)(F)F)c1,0.23880597014925373,17411486
Clc1c(C2C3(C4(N(C2)C)c5c(NC4=O)cccc5)C(=O)c6c(OC3)cccc6)cccc1,0.21794871794871795,17411504
Clc1c(nn2c1nc(cc2C(F)(F)F)C)-c3c(n(nc3)C)C(F)(F)F,0.2318840579710145,17411536
S(c1nc2N(c3ccc(cc3)C(C)C)CCc2c(n1)C)C,0.23880597014925373,17411608
N(C1C2CC3CC1CC(C2)C3)CCC4N(CCC4)C,0.1791044776119403,17411703
Sc1nc(-c2ccc(cc2)C)ccn1,0.21153846153846154,17411737
S=C1N(C(=O)/C(/N1)=C/c2c(OCc3c(F)cccc3)cccc2)C,0.21518987341772153,17411782
O(N1C(C(N(OC)C(=O)C1=O)C)(C)C)C,0.2,17411815
Clc1sc(cn1)COc2ccc(Cl)cc2,0.2413793103448276,17411953
FC(F)(F)c1cnc(N=Nc2c3c([nH]c2O)cccc3)cc1,0.23214285714285715,17412172
Clc1c(N2CCC(=NOCc3ccc(Cl)cc3)CC2)ncc(C(F)(F)F)c1,0.24242424242424243,17412186
O=C1N(NC(=O)c2ccc(O)cc2)C(=O)C3C(C1(CC3)C)(C)C,0.2413793103448276,17412426
s1c(nc(-c2cc3c(cc2)cccc3)c1)Nc4ncccn4,0.24615384615384617,17412888
O(N=C(C)C)c1nc(nc(n1)NCC)NCC,0.20930232558139536,17412982
O=c1n2c(nc3c2cccc3)c4c5c1ccc(N(=O)=O)c5ccc4,0.2413793103448276,17413117
O=N(=O)c1c(N(c2ccccc2)C3CCCCC3)ncnc1N,0.22580645161290322,17413385
O=N(=O)c1c(N2C(CCCC2)C)cc(c(c1)C#N)C#N,0.21333333333333335,17413793
O=N(=O)c1nn(cn1)CC(=O)N(CC)CC,0.24074074074074073,17413881
O=C1C2=C(N(N(C)C)C(N)=C(C2c3cnccc3)C#N)CC(C1)(C)C,0.2441860465116279,17413948
O(N1C2C(N(OC)C(=O)C1=O)CCCC2)C,0.24489795918367346,17414065
S1C2(SCC1)c3c(NC2=O)ccc(c3)C,0.2127659574468085,17414321
Clc1c(sc2c1cccc2)-c3oc(SCC#C)nn3,0.2328767123287671,17414350
Clc1ccc(CN2C(=O)/C(/NC2=O)=C/c3c(n(c(c3)C)CC)C)cc1,0.24242424242424243,17414435
S1/C(/C(=O)N=C1N2CCC(CC2)Cc3ccccc3)=C/c4c(n[nH]c4)-c5ccccc5,0.2222222222222222,17414502
S1C2(SCC1)c3c(NC2=O)ccc(F)c3,0.21052631578947367,17414543
o1c2c(cc1C(=O)O)/C(=N/O)/CCC2,0.2,17415320
Clc1cc(N2NC(=O)C(C2=O)=C(C)C)ccc1F,0.2459016393442623,17415453
S1/C(/C(=O)N(C1=O)CC(OC)=O)=C/c2oc(N3CCCCC3)cc2,0.24675324675324675,17415568
S1(=O)(=O)CC(N(C(SCCCC)=S)C)CC1,0.18032786885245902,17415675
O=C\1N(C(=O)NC(=O)/C1=C/c2n(ccc2)C)CC=C,0.2465753424657534,17415827
O1C(OC(=O)/C(/C1=O)=C\c2ccc(N(CC)CC)cc2)(CCCC)C,0.24074074074074073,17415866
S=C1N(C(=O)C(N1)CC(C)C)C2CCCCC2,0.20689655172413793,17415899
Brc1c(OCCOCCOc2c3ncccc3ccc2)cccc1,0.2318840579710145,17415908
Brc1cc(/N=C(\N2CCOCC2)/c3c(Cl)cccc3)ccc1,0.23333333333333334,17415953
S1/C(/C(=O)NC1=S)=C\c2c(n(c(c2)C)C)C,0.23728813559322035,17416013
O1C(OC(=O)/C(/C1=O)=C\c2ccc(N(C)C)cc2)(CCCC)C,0.24528301886792453,17416111
s1c(NC(=O)C2c3c(Oc4c2cccc4)cccc3)nc5c1cccc5C,0.24615384615384617,17416150
O1C2=C(C(c3c(N(=O)=O)cc(OC)c(OC)c3)C(=C1N)C#N)C(=O)CCC2,0.21428571428571427,17416239
S(=O)(=O)(Nc1c(O)nc(O)nc1C)c2c(cc(cc2C)C)C,0.2459016393442623,17416314
O1C(O[C@@H]2[C@H]1[C@@H](O)[C@@H](O2)[C@H](O)CON=C(C)C)(C)C,0.14705882352941177,26750729
O1[C@H]([C@@H](ON=C(C)C)C=C[C@H]1CC=C)CO,0.21311475409836064,26750730
O1C[C@@H](n2nnc(c2)[C@@H](ON=C(C)C)C)[C@@H](O)C1,0.14285714285714285,26750732
O(N=C(C)C)[C@H](c1nnn(c1)[C@@H](Cc2ccccc2)CO)C,0.2413793103448276,26750733
o1nc(-c2c(cc(cc2C)C)C)cc1[C@@H](ON=C(C)C)C,0.23636363636363636,26750735
O(C(=O)[C@@H](NC(=O)C/C=C\[C@H]([C@H](OC)CO)C)C)C,0.23076923076923078,26750856
O(C(=O)[C@@H](NC(=O)C/C=C\[C@H](CO)C)C)C,0.2459016393442623,26750857
O1[C@@H]([C@@H](O)C=C[C@@H]1[C@@H](/C=C\CC(OC)=O)C)CO,0.24615384615384617,26750858
O1[C@@H]([C@@H](O)C=C[C@@H]1[C@@H](/C=C\CC(=O)N[C@H](C(OC)=O)C)C)CO,0.24285714285714285,26750867
O1C(O[C@H]2O[C@H]([C@@H]([C@@H]12)O)[C@H](O)CO/N=C(/CCN3c4c(nc(c(c4)C)C)CCCC3)\C)(C)C,0.18556701030927836,26750924
O1C[C@@H](n2nnc(c2)[C@@H](O/N=C(/CCN3c4c(nc(c(c4)C)C)CCCC3)\C)C)[C@@H](O)C1,0.17346938775510204,26750927
O(/N=C(/CCN1c2c(nc(c(c2)C)C)CCC1)\C)[C@H](CN3c4c(nc(c(c4)C)C)CCCC3)C,0.2125,26750937
O1C(O[C@H]2O[C@H]([C@@H]([C@@H]12)O)[C@H](O)CO/N=C(/CCN3c4c(nc(c(c4)C)C)CCC3)\C)(C)C,0.17525773195876287,26750939
O1C[C@@H](n2nnc(c2)[C@@H](O/N=C(/CCN3c4c(nc(c(c4)C)C)CCC3)\C)C)[C@@H](O)C1,0.16326530612244897,26750942
o1nc(-c2c(cc(cc2C)C)C)cc1[C@@H](O/N=C(/CCN3c4c(nc(c(c4)C)C)CCC3)\C)C,0.18478260869565216,26750945
O1[C@H]([C@H](/C(=N\O[C@H](c2nnn(c2)[C@@H]3[C@H](O)COC3)C)/c4c1ccc(OC)c4)O)c5cc(OC)ccc5,0.225,26750987
O1[C@H]([C@H](/C(=N\O[C@H](c2onc(-c3c(cc(cc3C)C)C)c2)C)/c4c1ccc(OC)c4)O)c5cc(OC)ccc5,0.2236842105263158,26750990
O=C1N(C(=O)[C@@H]2[C@@H]1[C@@H]3[C@H](/C(=N\OC)/C[C@H]([C@H]3O)O)CC2)CC,0.21739130434782608,26750993
O1C(O[C@H]2[C@@H]1[C@H](O)[C@H](O2)[C@H](O)CO/N=C/3\[C@H]4[C@@H]([C@H]5[C@@H](C(=O)N(C5=O)CC)CC4)[C@H](O)[C@H](O)C3)(C)C,0.19101123595505617,26750999
O=C1N(C(=O)[C@@H]2[C@@H]1[C@@H]3[C@H](/C(=N\O[C@H]4[C@H](O[C@@H](C=C4)CC=C)CO)/C[C@H]([C@H]3O)O)CC2)CC,0.17777777777777778,26751000
O=C1N(C(=O)[C@@H]2[C@@H]1[C@@H]3[C@H](/C(=N\O[C@H](c4nnn(c4)[C@@H]5[C@H](O)COC5)C)/C[C@H]([C@H]3O)O)CC2)CC,0.18681318681318682,26751003
O=C1N(C(=O)[C@@H]2[C@@H]1[C@@H]3[C@H](/C(=N\O[C@H](c4onc(-c5c(cc(cc5C)C)C)c4)C)/C[C@H]([C@H]3O)O)CC2)CC,0.2222222222222222,26751006
o1nc(-c2c(cc(cc2C)C)C)cc1[C@@H](O/N=C(/CCN3Cc4c(nc(c(c4)CC)CC)CC3)\C)C,0.22549019607843138,26751052
O1C(=O)C[C@@H]([C@@H]1[C@@H]([C@@H](OC)C(C)C)C)O,0.18333333333333332,26751104
Brc1ccc([C@H]2N3[C@H](C(O[C@@H](C3)C)=O)CC[C@H]2C)cc1,0.2028985507246377,26751106
Brc1ccc([C@H]2N3[C@H](C(O[C@@H](C3)CCCC)=O)CC[C@@H]2C)cc1,0.1951219512195122,26751111
O[C@H](CN1c2c(nc(c(c2)C)C)CCC1)CN3CCN(CC3)C,0.23529411764705882,26751116
Brc1ccc(-c2nc3c(N(C[C@H](CN4c5c(nc(c(c5)C)C)CCC4)O)CCC3)cc2)cc1,0.2,26751127
OC(CN1c2c(nc(c(c2)C)C)CCC1)CN3c4c(nc(c(c4)C)C)CCC3,0.22727272727272727,26751131
o1c(nc(c1)CC/C=C\C(OC)=O)/C=C\CNC(OC)=O,0.22950819672131148,26751133
O1[C@H]2[C@H](CC[C@H]1C[C@@H](OC(=O)C[C@H]3O[C@H](C[C@H](OC)C2)C[C@H](O)C3)/C=C\CC(C)C)C,0.16091954022988506,26751134
O1[C@@H](c2c(OC)c(OC)c(c(OC)c2OC)C)[C@@H]([C@@H](O)[C@@H]([C@@H]1C(OC)=O)C)C,0.21052631578947367,26751137
O[C@H](C=1C(=O)CCCC1)C2CCCCC2,0.2037037037037037,26751154
O[C@H](C=1C(=O)CCCC1)C(C)C,0.2222222222222222,26751157
Brc1ccc(C(O[C@H](C=2C(=O)CCCC2)CC/C=C\CC)=O)cc1,0.23728813559322035,26751158
O1C(OCC([C@H](O)C=2C(=O)CCCC2)C1)(C)C,0.2,26751159
O(C(c1ccccc1)(c2ccccc2)c3ccccc3)CC[C@H](O)C=4C(=O)CCCC4,0.24,26751162
O=C1C([C@@H](O)CC/C=C\CC)=CCCC1,0.18666666666666668,26751164
O=C1C(=CCCC1)[C@H]2CC(=O)CCC2,0.14545454545454545,26751170
Brc1ccc([C@H]2OC(=O)C[C@@H]2c3ccccc3)cc1,0.21568627450980393,26751173
O=C(O)[C@@H]1N[C@H](c2ccc(cc2)C=C)[C@H](CC1)C,0.203125,26751174
Brc1ccc([C@H]2N3C(=O)[C@H]4N(C(=O)[C@@H]3CC[C@@H]2C)[C@@H]([C@H](CC4)C)c5ccc(Br)cc5)cc1,0.19672131147540983,26751176
Brc1ccc([C@@H]2N3C(=O)[C@H]4N(C(=O)[C@@H]3CC[C@H]2C)[C@@H]([C@@H](CC4)C)c5ccc(Br)cc5)cc1,0.19672131147540983,26751178
O1C[C@@H](n2nnc(c2)-c3ccc(cc3)CON=C(C)C)[C@@H](O)C1,0.175,26751185
O(C(=O)N[C@H]([C@@H](O)CC(=O)C(C)(C)C)C(C)C)C(C)(C)C,0.20967741935483872,26751190
Fc1c(N2C(=O)[C@H]3[C@H](C2=O)CC[C@H]\4[C@@H]3[C@H](O)[C@H](O)C/C4=N/OC/C=C(/CCC=C(C)C)\C)ccc(F)c1,0.22105263157894736,26751205
Fc1c(N2C(=O)[C@H]3[C@H](C2=O)CC[C@H]\4[C@@H]3[C@H](O)[C@H](O)C/C4=N/OCCCC#C)ccc(F)c1,0.225,26751206
Fc1c(N2C(=O)[C@H]3[C@H](C2=O)CC[C@H]\4[C@@H]3[C@H](O)[C@H](O)C/C4=N/OC[C@@H](O)COCc5occc5)ccc(F)c1,0.22988505747126436,26751207
Fc1c(N2C(=O)[C@H]3[C@H](C2=O)CC[C@H]\4[C@@H]3[C@H](O)[C@H](O)C/C4=N/NC(OCc5ccc(OC)cc5)=O)ccc(F)c1,0.23809523809523808,26751209
Fc1c(N2C(=O)[C@H]3[C@H](C2=O)CC[C@@H]\4[C@@H]3[C@H](O)[C@H](O)C/C4=N/OC/C=C(/CCC=C(C)C)\C)ccc(F)c1,0.22105263157894736,26751223
Fc1c(N2C(=O)[C@H]3[C@H](C2=O)CC[C@@H]\4[C@@H]3[C@H](O)[C@H](O)C/C4=N/OCCCC#C)ccc(F)c1,0.225,26751224
Fc1c(N2C(=O)[C@H]3[C@H](C2=O)CC[C@@H]\4[C@@H]3[C@H](O)[C@H](O)C/C4=N/OC[C@@H](O)COCc5occc5)ccc(F)c1,0.22988505747126436,26751225
Fc1c(N2C(=O)[C@H]3[C@H](C2=O)CC[C@@H]\4[C@@H]3[C@H](O)[C@H](O)C/C4=N/NC(OCc5ccc(OC)cc5)=O)ccc(F)c1,0.23809523809523808,26751227
O=C1N(C(=O)[C@@H]2[C@@H]1[C@@H]3[C@@H](/C(=N\OC/C=C(/CCC=C(C)C)\C)/C[C@H]([C@H]3O)O)CC2)c4cc(Oc5ccccc5)ccc4,0.23655913978494625,26751232
O=C1N(C(=O)[C@@H]2[C@@H]1[C@@H]3[C@@H](/C(=N\OCCCC#C)/C[C@H]([C@H]3O)O)CC2)Cc4cc5OCOc5cc4,0.24444444444444444,26751242
O=C1N(C(=O)[C@@H]2[C@@H]1[C@@H]3[C@@H](/C(=N\OCC(C)C)/C[C@H]([C@H]3O)O)CC2)C[C@H]4OCCC4,0.23376623376623376,26751267
O=C1N(C(=O)[C@@H]2[C@@H]1[C@@H]3[C@@H](/C(=N\OC/C=C(/CCC=C(C)C)\C)/C[C@H]([C@H]3O)O)CC2)C[C@H]4OCCC4,0.2,26751268
O=C1N(C(=O)[C@@H]2[C@@H]1[C@@H]3[C@@H](/C(=N\OCCCC#C)/C[C@H]([C@H]3O)O)CC2)C[C@H]4OCCC4,0.2073170731707317,26751269
O=C1N(C(=O)[C@@H]2[C@@H]1[C@@H]3[C@@H](/C(=N\OCC(C)C)/C[C@H]([C@H]3O)O)CC2)[C@H](c4ccccc4)C,0.2318840579710145,26751276
O=C1N(C(=O)[C@@H]2[C@@H]1[C@@H]3[C@@H](/C(=N\OC/C=C(/CCC=C(C)C)\C)/C[C@H]([C@H]3O)O)CC2)[C@H](c4ccccc4)C,0.21348314606741572,26751277
O=C1N(C(=O)[C@@H]2[C@@H]1[C@@H]3[C@@H](/C(=N\OCCCC#C)/C[C@H]([C@H]3O)O)CC2)[C@H](c4ccccc4)C,0.2345679012345679,26751278
O=C1N(C(=O)[C@@H]2[C@@H]1[C@@H]3[C@H](/C(=N\OCC(C)C)/C[C@H]([C@H]3O)O)CC2)C[C@H]4OCCC4,0.23376623376623376,26751285
O=C1N(C(=O)[C@@H]2[C@@H]1[C@@H]3[C@H](/C(=N\OCCCC#C)/C[C@H]([C@H]3O)O)CC2)C[C@H]4OCCC4,0.2073170731707317,26751287
O=C1N(C(=O)[C@@H]2[C@@H]1[C@@H]3[C@H](/C(=N\OCC(C)C)/C[C@H]([C@H]3O)O)CC2)[C@H](c4ccccc4)C,0.2318840579710145,26751294
O=C1N(C(=O)[C@@H]2[C@@H]1[C@@H]3[C@H](/C(=N\OCCCC#C)/C[C@H]([C@H]3O)O)CC2)[C@H](c4ccccc4)C,0.2345679012345679,26751296
O=C1N(C(=O)[C@@H]2[C@@H]1[C@@H]3[C@@H](/C(=N\OCC(C)C)/C[C@H]([C@H]3O)O)CC2)C(C)(C)C,0.20270270270270271,26751312
O=C1N(C(=O)[C@@H]2[C@@H]1[C@@H]3[C@@H](/C(=N\NC(OCC)=O)/C[C@H]([C@H]3O)O)CC2)C(C)(C)C,0.21794871794871795,26751316
O=C1N(C(=O)[C@@H]2[C@@H]1[C@@H]3[C@H](/C(=N\OCC(C)C)/C[C@H]([C@H]3O)O)CC2)C(C)(C)C,0.20270270270270271,26751330
O=C1N(C(=O)[C@@H]2[C@@H]1[C@@H]3[C@H](/C(=N\OC/C=C(/CCC=C(C)C)\C)/C[C@H]([C@H]3O)O)CC2)C(C)(C)C,0.15476190476190477,26751331
O=C1N(C(=O)[C@@H]2[C@@H]1[C@@H]3[C@H](/C(=N\NC(OCC)=O)/C[C@H]([C@H]3O)O)CC2)C(C)(C)C,0.21794871794871795,26751334
O=C1N(C(=O)[C@@H]2[C@@H]1[C@@H]3[C@@H](/C(=N\OCC(C)C)/C[C@H]([C@H]3O)O)CC2)C4CCCCC4,0.2,26751339
O=C1N(C(=O)[C@@H]2[C@@H]1[C@@H]3[C@@H](/C(=N\OC/C=C(/CCC=C(C)C)\C)/C[C@H]([C@H]3O)O)CC2)C4CCCCC4,0.15853658536585366,26751340
O=C1N(C(=O)[C@@H]2[C@@H]1[C@@H]3[C@@H](/C(=N\OCCCC#C)/C[C@H]([C@H]3O)O)CC2)C4CCCCC4,0.16666666666666666,26751341
O=C1N(C(=O)[C@@H]2[C@@H]1[C@@H]3[C@@H](/C(=N\NC(OCC)=O)/C[C@H]([C@H]3O)O)CC2)C4CCCCC4,0.22784810126582278,26751343
O=C1N(C(=O)[C@@H]2[C@@H]1[C@@H]3[C@@H](/C(=N\OCC(C)C)/C[C@H]([C@H]3O)O)CC2)CC,0.2361111111111111,26751348
O=C1N(C(=O)[C@@H]2[C@@H]1[C@@H]3[C@@H](/C(=N\OC/C=C(/CCC=C(C)C)\C)/C[C@H]([C@H]3O)O)CC2)CC,0.1875,26751349
O=C1N(C(=O)[C@@H]2[C@@H]1[C@@H]3[C@@H](/C(=N\OCCCC#C)/C[C@H]([C@H]3O)O)CC2)CC,0.189873417721519,26751350
O=C1N(C(=O)[C@@H]2[C@@H]1[C@@H]3[C@@H](/C(=N\NC(OCC)=O)/C[C@H]([C@H]3O)O)CC2)CC,0.2328767123287671,26751352
O=C1N(C(=O)[C@@H]2[C@@H]1[C@@H]3[C@H](/C(=N\OCC(C)C)/C[C@H]([C@H]3O)O)CC2)C4CCCCC4,0.2,26751357
O=C1N(C(=O)[C@@H]2[C@@H]1[C@@H]3[C@H](/C(=N\OC/C=C(/CCC=C(C)C)\C)/C[C@H]([C@H]3O)O)CC2)C4CCCCC4,0.15853658536585366,26751358
O=C1N(C(=O)[C@@H]2[C@@H]1[C@@H]3[C@H](/C(=N\OCCCC#C)/C[C@H]([C@H]3O)O)CC2)C4CCCCC4,0.16666666666666666,26751359
O=C1N(C(=O)[C@@H]2[C@@H]1[C@@H]3[C@H](/C(=N\OCC(C)C)/C[C@H]([C@H]3O)O)CC2)CC,0.2361111111111111,26751366
O=C1N(C(=O)[C@@H]2[C@@H]1[C@@H]3[C@H](/C(=N\OC/C=C(/CCC=C(C)C)\C)/C[C@H]([C@H]3O)O)CC2)CC,0.1875,26751367
O=C1N(C(=O)[C@@H]2[C@@H]1[C@@H]3[C@H](/C(=N\OCCCC#C)/C[C@H]([C@H]3O)O)CC2)CC,0.189873417721519,26751368
O=C1N(C(=O)[C@@H]2[C@@H]1[C@@H]3[C@H](/C(=N\NC(OCC)=O)/C[C@H]([C@H]3O)O)CC2)CC,0.2328767123287671,26751369
O=C1N(C(=O)[C@H]2[C@@H]1[C@H]3[C@@H](C(=O)C[C@H]([C@H]3O)O)CC2)C4CCCCC4,0.19672131147540983,26751418
O=C1N(C(=O)[C@H]2[C@@H]1[C@H]3[C@@H](C(=O)C[C@H]([C@H]3O)O)CC2)CC,0.22580645161290322,26751419
O=C1N(C(=O)[C@H]2[C@@H]1[C@H]3[C@H](CC2)C(=O)C=C[C@H]3O)C(C)(C)C,0.1875,26751434
O=C1N(C(=O)[C@H]2[C@@H]1[C@H]3[C@H](CC2)C(=O)C=C[C@H]3O)C4CCCCC4,0.21311475409836064,26751435
o1c(nc(c1)CCCO)/C=C\CNC(OC)=O,0.23333333333333334,26751441
N1(CC(=C[C@@H]2c3c4c(C[C@H]21)c[nH]c4ccc3)C)C,0.2037037037037037,11110694
N1(C(c2ccccc2)c3ccccc3)CCN(CC1)C/C=C\c4ccccc4,0.24074074074074073,11110956
O[C@]1([C@@]2([C@H]([C@@H]3[C@H]([C@@]4(C(CC3)=Cc5oncc5C4)C)CC2)CC1)C)C#C,0.1511627906976744,11111105
O=C1c2c(C(=O)c3c1c(O)cc(c3)C)cc(O)cc2O,0.23076923076923078,11111157
Oc1ccc(-c2n(nc(c2CCC)-c3ccc(O)cc3)-c4ccc(O)cc4)cc1,0.22413793103448276,11111273
O=C(N[C@@H]1C=C2c3c4c(C[C@@H]2N(C1)C)c[nH]c4ccc3)N(CC)CC,0.23943661971830985,11111357
Clc1cc(C(OC2C[C@@H]3N(C)[C@H](C2)CC3)=O)cc(Cl)c1,0.23214285714285715,11111927
N1[C@@H](c2cnccc2)CCCC1,0.23684210526315788,11113089
NC[C@@]1([C@@H]2[C@](c3c(CC2)cc(cc3)C(C)C)(CCC1)C)C,0.1935483870967742,11113129
O[C@@H]([C@H]1N2C[C@H]([C@@H](C1)CC2)C=C)c3c4c(ncc3)ccc(OC)c4,0.22641509433962265,11113131
O[C@H]([C@H]1N2C[C@H]([C@@H](C1)CC2)CC)c3c4c(ncc3)ccc(OC)c4,0.23809523809523808,11113142
O[C@@H]([C@@H]1N2C[C@@H]([C@@H](C1)CC2)CC)c3c4c(ncc3)cccc4,0.2361111111111111,11113152
O[C@@H]([C@H]1N2C[C@H]([C@@H](C1)CC2)C=C)c3c4c(ncc3)cccc4,0.22727272727272727,11113155
Oc1cc2[nH]c3c(c2cc1)ccnc3C,0.22727272727272727,11113167
O=C(N[C@@H](CO)CC)[C@H]1C=C2c3c4c(C[C@H]2N(C1)C)c[nH]c4ccc3,0.24675324675324675,11113176
O[C@H]([C@H]1[NH+]2C[C@H]([C@H](C1)CC2)C=C)c3c4c(ncc3)cccc4,0.20588235294117646,11113212
O[C@@H]1[C@]23[C@@H](N(c4c2cccc4)C)[C@@H]5N6[C@@H](C3)[C@@H]1[C@@H](C5)[C@@H]([C@H]6O)CC,0.19402985074626866,11113236
O1c2c3c([C@H]4[C@@H](N(C3)C)c5c(C[C@@H]4O)cc6OCOc6c5)ccc2OC1,0.24358974358974358,11113253
O1c2c(C=3[C@@](O)(CC=4C3C=C(O)C(=O)C4)C1)ccc(O)c2O,0.16216216216216217,11113266
S(C[C@@H]1C[C@H]2c3c4c(C[C@@H]2N(C1)CCC)c[nH]c4ccc3)C,0.21739130434782608,11113285
OC[C@@H]1C=C2c3c4c(C[C@H]2N(C1)C)c[nH]c4ccc3,0.22058823529411764,11113286
Oc1c-2c3[C@@H](N(CCc3cc1OC)C)Cc4c2cc(OC)c(O)c4,0.24358974358974358,11113298
Oc1c-2c3[C@@H](N(CCc3cc1OC)C)Cc4c2cc(O)c(OC)c4,0.24358974358974358,11113299
S(C=1NC(N)=C(C2(C1C#N)CCCCC2)C#N)CC,0.17857142857142858,844085
s1c2NC(=O)CN=C(c2c3c1CCCC3)c4sccc4,0.21666666666666667,849137
Clc1ccc(C(N2CCN(CC2)Cc3ccncc3)c4n(nnn4)C5CCCC5)cc1,0.24,849465
Clc1ccc(-c2c([nH]nc2)-c3c(O)cc(O)cc3)cc1,0.22388059701492538,861899
S1c2n(N=C(c3ccc(cc3)CC)C1)c(nn2)-c4sccc4,0.22972972972972974,3715149
O/N=C/1\C(C(NC(C1C)c2ccc(N(C)C)cc2)c3ccc(N(C)C)cc3)C,0.18181818181818182,4242520
Clc1ccc(N(C(=O)c2c3c(c(N4CCN(CC4)c5ncccn5)nc2)cccc3)C)cc1,0.2375,4247636
n1c(nc(nc1N2CCCCCC2)-c3ccccc3)-n4cncc4,0.2459016393442623,4251114
O(c1cc2c(nccc2)c(NCC[C@H]3NCCCC3)c1)C,0.24358974358974358,4252601
[N+]1(C(=NCC1)C)(Cc2ccccc2)CCc3ccccc3,0.24444444444444444,4253064
O[C@H]1[C@]2([C@H]([C@H]3[C@H]([C@]4(C(=CC3)C[C@H](CC4)O)C)C1)C[C@H]5[C@@H]2[C@H]([C@H]6N5C[C@@H](CC6)C)C)C,0.15294117647058825,4253277
o1c2c(c3c1cccc3)ccc(c2)[C@H](O)C[C@H]4NCCCC4,0.22666666666666666,4253395
O(CCN1CCCCC1)[C@@]2(c3ccccc3)CC(C[C@@H](C2)C)(C)C,0.2318840579710145,4253450
N1(C(N(Cc2c(N(C)C)cccc2)CCC1)c3ccncc3)Cc4c(N(C)C)cccc4,0.24615384615384617,4253799
S1[C@H](N[C@H](NC1=S)c2ccccc2)c3ccccc3,0.2054794520547945,4253853
FC(F)(F)c1nc(nc(c1)C(C)C)NNc2nc(C(F)(F)F)cc(n2)C(C)C,0.1896551724137931,4254107
S(Cc1c(c(O)c(nc1)C)CO)c2c(N)cccc2,0.24489795918367346,4254171
O=C1n2c3c(c4c2cccc4)CCN5[C@@H]3[C@@](C1)(CCC5)CC,0.23333333333333334,4254197
S=C(S)NCCCn1cncc1,0.20689655172413793,4254238
Clc1cc(c2OCOCc2c1)CSC3=NCN(CC4CC4)CN3,0.1917808219178082,4254331
Brc1c(O)c(Br)cc(c1)CCNC=2C(=O)c3ncccc3C(=O)C2,0.24193548387096775,4254420
O(c1cc(ccc1)C)CCCCCn2cncc2,0.24615384615384617,7975336
Brc1c(OCCOCCn2cncc2)ccc(c1)C,0.23529411764705882,7976966
Brc1c(F)ccc(c1)CN(CCO)CCC,0.2,7977334
Oc1cc2[C@@]3([C@@H]([C@@H](N(CC3)CC=C)Cc2cc1)C)C,0.17142857142857143,11110673
S(=O)(=O)(Nc1cc(C(c2[nH]cnc2)=C3CCCCC3)ccc1)CC,0.2463768115942029,11110760
O[C@]1(C[C@@H]2N(C[C@H]3c4c2cccc4CCc5c3cccc5)CC1)C(C)(C)C,0.2345679012345679,11110822
O(c1cc2[C@]34[C@@H]([C@@H](N(CC3)C)Cc2cc1)CCCC4)C,0.23529411764705882,11111057
Oc1cc2[C@H]3c4c(CN[C@@H]3CCc2cc1O)cccc4,0.24561403508771928,11111082
Oc1cc2c(C3=C(c4c(C[C@H]3CC)cc(O)cc4)[C@@H](C2)CC)cc1,0.19642857142857142,11111107
Clc1c(OC)c(c(O)c(c1)CC)C(=O)NC[C@@H]2CN(CC2)CC,0.23529411764705882,11111127
O(c1cc2[C@@]3([C@H](N(CC3)C)N(c2cc1)C)C)C(=O)NC,0.22535211267605634,11111159
Fc1ccc(C(c2ccc(F)cc2)CCCN3CCC4(N(c5ccccc5)CNC4=O)CC3)cc1,0.24285714285714285,11111163
Fc1ccc(C(N2CCN(CC2)C/C=C\c3ccccc3)c4ccc(F)cc4)cc1,0.2459016393442623,11111198
Ic1cc(Cl)c(N=C2NCCN2)c(Cl)c1,0.15,11111295
Clc1cc([C@H]2c3c([C@H](NC)C2)cccc3)ccc1Cl,0.22388059701492538,11111297
O=C1NN=C(c2ccc(-n3cncc3)cc2)CC1,0.2459016393442623,11111312
Clc1c(N(C2=NCCN2)Cc3ccc(F)cc3)c(Cl)ccc1,0.21311475409836064,11111318
O(C(=O)[C@H]1C[C@H]2c3c4c(C[C@@H]2N(C1)C)cn(c4ccc3)C(C)C)[C@H]([C@@H](O)C)C,0.20253164556962025,11111355
Ic1c(CN[C@H]2[C@@H](N3CCC2CC3)C(c4ccccc4)c5ccccc5)cccc1,0.23076923076923078,11111359
S1(=O)(=O)N2c3c(N1CCN4CC=C(c5c6c([nH]c5)cc(F)cc6)CC4)cccc3CCC2,0.20238095238095238,11111372
S(=O)(=O)(N(C)C)C[C@H]1C[C@H]2c3c4c(C[C@@H]2N(C1)C)cn(c4ccc3)C,0.20987654320987653,11111412
O(c1cc2[C@]34[C@@H]([C@@H](NCC3)Cc2cc1)CCCC4)C,0.23333333333333334,11111415
O1c2c3[C@@]45[C@](O)([C@H](N(CC4)CC6CC6)Cc3ccc2OC)CCC(=O)[C@H]51,0.23333333333333334,11111420
O=C(N[C@@H](CO)CC)[C@@H]1C=C2c3c4c(C[C@@H]2N(C1)C)c[nH]c4ccc3,0.24675324675324675,11111442
O1c2c3[C@]45[C@@](O)([C@@H](N(CC4)CC6CC6)Cc3ccc2O)Cc7c([nH]c8c7cccc8)[C@@H]51,0.19753086419753085,11111504
Oc1c2c(C[C@@H](N(CCc3ccccc3)CCC)CC2)ccc1,0.24193548387096775,11111583
O[C@H]([C@@H]1N2C[C@@H]([C@@H](C1)CC2)C=C)c3c4c(ncc3)ccc(OC)c4,0.22641509433962265,11111707
O=C(N[C@H]1C[C@H]2c3c4c(C[C@@H]2N(C1)C)c[nH]c4ccc3)N(CC)CC,0.24285714285714285,11111847
Clc1cc(CC(=O)N(C)[C@H]2[C@H](N3CCCC3)CCCC2)ccc1Cl,0.2318840579710145,11111942
Brc1cc2N(CCc2cc1)C[C@@H](N)C,0.2054794520547945,11111954
O=C(N[C@@H](CO)CC)[C@H]1C=C2c3c4c(C[C@@H]2N(C1)C)c[nH]c4ccc3,0.24675324675324675,11112255
O[C@H]([C@H]1N2C[C@@H]([C@@H](C1)CC2)C=C)c3c4c(ncc3)cccc4,0.22727272727272727,11112260
N1=C(NCC1)[C@@H]2c3c(CCC2)cccc3,0.19444444444444445,11112388
OC[C@@H]1C=C2c3c4c(C[C@@H]2N(C1)C)c[nH]c4ccc3,0.22058823529411764,11112425
O1c2cc3-c4[n+](cc5c(c4)ccc(OC)c5OC)CCc3cc2OC1,0.2345679012345679,11112431
O1c2cc3[C@@H]4[C@@H]5N(Cc3cc2OC1)CCC5=C[C@@H]([C@@H]4O)O,0.2191780821917808,11112513
N1[C@H](CC(C2CCCCC2)C3CCCCC3)CCCC1,0.24324324324324326,11112586
O=C(N[C@H]1C=C2c3c4c(C[C@@H]2N(C1)C)c[nH]c4ccc3)N(CC)CC,0.23943661971830985,11112643
N12[C@H]3[C@@H]4[C@H]([C@@H]([C@H]1c5[nH]c6c(c5CC2)cccc6)CC3)NCCC4,0.20967741935483872,11112655
Clc1c([C@@H](OCc2ccc(Cl)cc2)Cn3cncc3)ccc(Cl)c1,0.24193548387096775,11112695
[n+]1(c(c2c(c3c1cc(N)cc3)ccc(N)c2)-c4ccccc4)CCC[N+](CC)(CC)C,0.19298245614035087,11112704
Clc1c([C@@H](OCc2c(Cl)cccc2Cl)Cn3cncc3)ccc(Cl)c1,0.22666666666666666,11112711
Clc1c([C@@H](OCC=C)Cn2cncc2)ccc(Cl)c1,0.23529411764705882,11112744
O=C(N[C@@H]1C[C@H]2c3c4c(C[C@@H]2N(C1)C)c[nH]c4ccc3)N(CC)CC,0.24285714285714285,11112750
Clc1cc(c(OC)cc1N)C(=O)N[C@@H]2[C@H](OC)CN(CC2)CCCOc3ccc(F)cc3,0.24731182795698925,11112860
O(c1cc(cc(OC(=O)N(C)C)c1)[C@@H](O)CNC(C)(C)C)C(=O)N(C)C,0.22727272727272727,11112863
Clc1c2scc(c2ccc1)CO[C@H](c3c(Cl)cc(Cl)cc3)Cn4cncc4,0.23684210526315788,11112882
O[C@@H]1[C@]23[C@H](N(c4c2cccc4)C)[C@H]5N6[C@@H](C3)[C@H]1[C@@H](C5)[C@H]([C@@H]6O)CC,0.19402985074626866,11112903
Brc1cc(C(OC[C@@H]2C[C@@]3(OC)c4c5c(C[C@@H]3N(C2)C)cn(c5ccc4)C)=O)cnc1,0.21176470588235294,11112912
O1c2c(OC[C@@H]1CNCCCCN3C(=O)CC4(CC3=O)CCCC4)cccc2,0.24358974358974358,11113486
Clc1cc(CC(=O)N(C)[C@@H]2[C@@H](N3CCCC3)CCCC2)ccc1Cl,0.2318840579710145,11113517
Clc1cc(C(=O)N(C)[C@@H]2[C@@H](N3CCCC3)CCCC2)ccc1Cl,0.23809523809523808,11113531
Clc1c(Cl)ccc(c1)CCN(CCN2CCCCCC2)C,0.24193548387096775,11113538
Clc1c(Cl)ccc(c1)CCN(CCN2CCCC2)C,0.2459016393442623,11113539
O(C(c1ccccc1)c2ccccc2)CCN3CCN(CC3)C/C=C\c4ccccc4,0.2413793103448276,11113541
S=C=Nc1cc2nc(n(c2cc1)CCN(CC)CC)Cc3ccc(OCC)cc3,0.21686746987951808,11113544
Fc1ccc(OCCCN2CCC3(N(c4ccccc4)CNC3=O)CC2)cc1,0.24,11113547
O=C(N[C@H](CO)CC)[C@H]1C=C2c3c4c(C[C@H]2N(C1)C)c[nH]c4ccc3,0.24675324675324675,11113560
S=C=Nc1cc(C2(N3CCCCC3)CCCCC2)ccc1,0.1746031746031746,11113569
Clc1c(Cl)ccc(CCN(C)[C@@H]2[C@H](N3CCCC3)CCCC2)c1,0.2112676056338028,11113571
O(C1C[C@@H]2N(C)[C@H](C1)CC2)C(=O)c3cc(cc(c3)C)C,0.2391304347826087,11113617
O1c2c3[C@]4([C@@H]1C[C@H](O)C=C4)CCN(Cc3ccc2OC)C,0.2159090909090909,11113645
I/C=C\CN(CCC)[C@H]1Cc2c(CC1)ccc(O)c2,0.2222222222222222,11113660
n12c3c(c4c1ccc(c4)C)CCC[C@@H]3NCC2,0.21621621621621623,11113663
N1C[C@@H](c2c(C1)cccc2)c3ccccc3,0.21568627450980393,11113669
Clc1ccc(O[C@H](C(OC2C[C@@H]3N(C)[C@H](C2)CC3)=O)CC)cc1,0.24675324675324675,11113683
FC(F)(F)CN/C(=N/c1nn(cc1)CCCCC(=O)N)/N,0.21818181818181817,11113726
Oc1cc2[C@H]3c4c(CN[C@H]3CCc2cc1O)cccc4,0.24561403508771928,11113759
Clc1ccc(/C=C\C(=O)N[C@]23[C@@]45c6c(O[C@H]4C(=O)CC2)c(O)ccc6C[C@H]3N(CC5)CC7CC7)cc1,0.20253164556962025,11113770
O1c2c3[C@@]45[C@](O)([C@H](N(CC4)CC6CC6)Cc3ccc2O)CC[C@H]([C@H]51)NC(=O)/C=C\C(OC)=O,0.2125,11113794
N(c1nc([n+](c(NC)c1)C)C)(c2ccccc2)CC,0.22,11113845
P1(OCc2c(CO1)cnc(c2O)C)(=O)O,0.1956521739130435,11113954
O1CCN(CCC)C2(C1(c3c(OC2)ccc(O)c3)[H])[H],0.21621621621621623,11113990
O(c1cc2c([C@@H]3[C@@H]([C@H]4[C@]([C@@H](NCCCCCCN5C(=O)C=CC5=O)CC4)(CC3)C)CC2)cc1)C,0.23157894736842105,11114009
O[C@@]1([C@@]2([C@H]([C@H]3C([C@@H](C2)c4ccc(N(C)C)cc4)=C5C(CC3)=CC(=O)CC5)CC1)C)C#CC,0.16304347826086957,11114100
n1(c2c(c3c(nc(nc3N)NC4CC4)cc2)cc1)Cc5ccc(cc5)C(C)C,0.2,11114146
O=C1[C@@]2([C@@H]([C@H]3[C@H]([C@@]4(C(=CC3)C[C@@H](OCCN(CC)CC)CC4)C)CC2)CC1)C,0.17647058823529413,11114162
Clc1cc2N3CCNC[C@@H]3C(=O)Nc2cc1Cl,0.19047619047619047,11114219
O=C1C(c2c([nH]c3c2cccc3)C(C=C)(C)C)=C(O)C(=O)C(=C1O)c4c5c([nH]c4)c(ccc5)CC=C(C)C,0.23076923076923078,11114228
n12c3c(c4c1CCCC4)cccc3CNCC2,0.19672131147540983,11114281
N1(C(c2n(nnn2)C3CCCC3)c4ccc(cc4)C)CC5N(CC1)CCC5,0.208955223880597,14723845
O=C1C2(CN(CC1(CN(C2)C)CC(OC(C)C)=O)C)CC(OC(C)C)=O,0.2222222222222222,14725960
s1c2c(c(NC(=O)N(NC(=O)C(O)(CCC)CCC)c3ccccc3)c1)CCCC2,0.24210526315789474,14734107
s1c(CN2C(=O)C3C4(OC(C3C(=O)NCC5Oc6c(OC5)cccc6)C=C4)C2)ccc1,0.23076923076923078,14735451
O=N(=O)c1c(N2CCCC2)ccc(c1)/C=C(\c3nc4c([nH]3)cccc4)/C#N,0.24,14736725
O=N(=O)c1c(N2CCCC2)ccc(c1)/C=C(/c3nc4c([nH]3)cccc4)\C#N,0.24,14741004
o1c(nc(c1NCCCn2cncc2)C#N)-c3ccc(OCCC)cc3,0.2236842105263158,14741041
O(c1c2c3ncnc(N4CC(CC(C4)C)C)c3[nH]c2ccc1)C,0.22857142857142856,14741503
s1c2nc(SCCC)nc(NCc3occc3)c2c4c1COC(C4)(C)C,0.24358974358974358,14743497
S1/C(/N(C(O)(c2ccc(OC(F)F)cc2)C1)C3CC3)=N\c4cnccc4,0.20987654320987653,14743984
Clc1ccc(N2C(=O)C3=C(NC2c4ccc(Cl)cc4)N=C(S)NC3c5ccc(Cl)cc5)cc1,0.23076923076923078,14744434
n12C3(N=C(Nc1nc4c2cccc4)N)CCCCCC3,0.22916666666666666,14744846
O=C1N(C23CC4CC(C2)CC(C3)C4)c5nc(N)c6c(c5C1)c(c(nc6N)N7CC(O)CCC7)C#N,0.18604651162790697,14745414
Clc1c(C(F)(F)F)cc(N2CCN(c3c(S(=O)(=O)NC)cncc3)CC2)cc1,0.24691358024691357,17385812
O=C(NC1CCCCC1)C23CC4(n5ncnc5)CC(C2)CC(C4)C3,0.23529411764705882,17387799
S=C1N(C(=O)/C(/N1)=C/c2ccc(cc2)C#N)CC(Cn3cncc3)C,0.2,17401374
O/N=C/1\C(C(NC(C1C)c2ccc(cc2)C)c3ccc(cc3)C)C,0.22727272727272727,17401900
Cl/C(/N(=O)=O)=C\C(N(=O)=O)=C1N(CCN1Cc2cnc(Cl)cc2)Cc3cnc(Cl)cc3,0.19402985074626866,17402063
Clc1ccc(Oc2nccc(N(C)C)c2C#N)cc1,0.22972972972972974,17402189
Fc1cc(Cn2c(C(C)(C)C)cc3c2nccc3)ccc1,0.22413793103448276,17402218
S1(=O)(=O)c2c(NC(SCc3ccc(cc3)C)=C1)cccc2,0.24193548387096775,17402359
Clc1ccc(Sc2c(cc(N)cc2)C#N)cc1,0.23809523809523808,17402417
O(c1c2nc(c3c(N(c4c(OC)cc(OC)cc4)CC3)c2cc(OC)c1)C)C,0.24390243902439024,17402789
Brc1cc2C34C(N(c2cc1OC)C)C(O)(C(OC(=O)C)C5(C3N(CC4)CC=C5)CC)C(OC)=O,0.2268041237113402,17407569
S=C(N(C1CCCC1)CCc2nc3c([nH]2)cc(c(c3)C)C)NCC(C)C,0.21428571428571427,17407600
Clc1ccc(C2=Nc3c(C(=NN2)c4ccncc4)cc(F)cc3)cc1,0.21875,17408514
s1c(CN2C3CC(NC(=S)NCCCOC)CC2CCC3)ccc1,0.24285714285714285,17409187
Clc1ccc(N2CCN(/C(/SC)=N/C#N)CC2)cc1,0.234375,17409821
Clc1cc(N2CCN(C(N(C)C)=C(C#N)C#N)CC2)ccc1Cl,0.2328767123287671,17409999
S(=O)(=O)(Nc1cc2n[nH]cc2cc1)c3c(cc(OCC)c(c3)C)C,0.2413793103448276,17413199
S(=O)(=O)(n1nc(c(Sc2ccc(N(=O)=O)cc2)c1C)C)c3sccc3,0.2222222222222222,17415293
Clc1ccc(C2CC(Nc3ccc(Cl)cc3)=CC(=O)C2)cc1,0.2413793103448276,17415949
Brc1ccc(-c2nc3c(N(C(=O)NCCC[N+]=4[C@@H](N=CC4)c5ccccc5)CCC3)cc2)cc1,0.20652173913043478,26751124
O(C(=O)N[C@H]([C@@H](O)CC(OC(C)(C)C)=O)C(C)C)C(C)(C)C,0.20754716981132076,26751189
O=C1N(C(=O)[C@@H]2[C@@H]1[C@@H]3[C@H](/C(=N\OCCCC#C)/C[C@H]([C@H]3O)O)CC2)C(C)(C)C,0.16483516483516483,26751332
